describe,evalute,introduce,movie_name,serial_number,star
,,1994/美国/犯罪剧情,肖申克的救赎,1,
,,1993/中国大陆中国香港/剧情爱情同性,霸王别姬,2,
,,1994/美国/剧情爱情,阿甘正传,3,
,,1994/法国/剧情动作犯罪,这个杀手不太冷,4,
,,1997/意大利/剧情喜剧爱情战争,美丽人生,5,
,,1997/美国/剧情爱情灾难,泰坦尼克号,6,
,,2001/日本/剧情动画奇幻,千与千寻,7,
,,1993/美国/剧情历史战争,辛德勒的名单,8,
,,2010/美国英国/剧情科幻悬疑冒险,盗梦空间,9,
,,2009/美国英国/剧情,忠犬八公的故事,10,
,,1998/意大利/剧情音乐,海上钢琴师,11,
,,1998/美国/剧情科幻,楚门的世界,12,
,,2009/印度/剧情喜剧爱情歌舞,三傻大闹宝莱坞,13,
,,2008/美国/科幻动画冒险,机器人总动员,14,
,,2004/法国瑞士德国/剧情音乐,放牛班的春天,15,
,,2014/美国英国加拿大冰岛/剧情科幻冒险,星际穿越,16,
,,1995/中国香港中国大陆/喜剧爱情奇幻古装,大话西游之大圣娶亲,17,
,,2011/韩国/剧情,熔炉,18,
,,2016/美国/喜剧动画冒险,疯狂动物城,19,
,,2002/中国香港/剧情犯罪悬疑,无间道,20,
,,1988/日本/动画奇幻冒险,龙猫,21,
,,1972/美国/剧情犯罪,教父,22,
,,2006/美国/剧情传记家庭,当幸福来敲门,23,
,,2010/美国/剧情喜剧爱情,怦然心动,24,
,,2011/法国/剧情喜剧,触不可及,25,
,,2008/美国英国/剧情动作科幻犯罪惊悚,蝙蝠侠：黑暗骑士,26,
,,1957/美国/剧情犯罪悬疑,控方证人,27,
,,1994/中国大陆中国香港/剧情历史家庭,活着,28,
,,1939/美国/剧情历史爱情战争,乱世佳人,29,
,,2017/美国/喜剧动画奇幻音乐,寻梦环游记,30,
,,1987/英国意大利中国大陆法国/剧情传记历史,末代皇帝,31,
,,2016/印度/剧情传记运动家庭,摔跤吧！爸爸,32,
,,2003/美国新西兰/剧情动作奇幻冒险,指环王3：王者无敌,33,
,,2018/黎巴嫩法国美国/剧情,何以为家,34,
,,2012/美国中国台湾英国加拿大/剧情奇幻冒险,少年派的奇幻漂流,35,
,,2009/美国/剧情喜剧动画冒险,飞屋环游记,36,
,,1957/美国/剧情,十二怒汉,37,
,,2000/中国大陆/剧情喜剧,鬼子来了,38,
,,1986/日本/动画奇幻冒险,天空之城,39,
,,2013/韩国/剧情,素媛,40,
,,2004/日本/动画奇幻冒险,哈尔的移动城堡,41,
,,1995/中国香港中国大陆/喜剧爱情奇幻古装,大话西游之月光宝盒,42,
,,1988/意大利法国/剧情爱情,天堂电影院,43,
,,1953/美国/喜剧剧情爱情,罗马假日,44,
,,1992/美国/剧情,闻香识女人,45,
,,2001/美国英国/奇幻冒险,哈利·波特与魔法石,46,
,,2013/韩国/剧情,辩护人,47,
,,2018/中国大陆/剧情喜剧,我不是药神,48,
,,1999/美国德国/剧情动作悬疑惊悚,搏击俱乐部,49,
,,1989/美国/剧情,死亡诗社,50,
,,1974/美国/剧情犯罪,教父2,51,
,,1994/美国/动画冒险歌舞,狮子王,52,
,,2002/美国新西兰/剧情动作奇幻冒险,指环王2：双塔奇兵,53,
,,1961(中国大陆)/1964(中国大陆)/1978(中国大陆)/2004(中国大陆)/中国大陆/动画奇幻,大闹天宫,54,
,,2006/德国/剧情悬疑,窃听风暴,55,
,,2002/美国加拿大/传记犯罪剧情,猫鼠游戏,56,
,,2001/新西兰美国/剧情动作奇幻冒险,指环王1：魔戒再现,57,
,,1998/英国/剧情喜剧犯罪,两杆大烟枪,58,
,,2001/美国/传记剧情,美丽心灵,59,
,,2002/法国德国英国波兰/剧情传记历史战争音乐,钢琴家,60,
,,1994/中国台湾美国/剧情家庭,饮食男女,61,
,,1999/美国澳大利亚/动作科幻,黑客帝国,62,
,,1975/美国/剧情,飞越疯人院,63,
,,2008/美国/剧情爱情奇幻,本杰明·巴顿奇事,64,
,,2005/美国英国德国/剧情动作科幻惊悚,V字仇杀队,65,
,,2010/中国大陆中国香港/剧情喜剧动作西部,让子弹飞,66,
,,2016/西班牙/剧情犯罪悬疑惊悚,看不见的客人,67,
,,2000/意大利美国/剧情战争情色,西西里的美丽传说,68,
,,1997/伊朗/剧情儿童家庭,小鞋子,69,
,,1998/美国/剧情历史战争,拯救大兵瑞恩,70,
,,2018/美国/剧情喜剧传记,绿皮书,71,
,,2009/美国/纪录片,海豚湾,72,
,,1995/日本/剧情爱情,情书,73,
,,2008/英国美国/剧情战争,穿条纹睡衣的男孩,74,
,,2015/德国瑞士南非/剧情冒险家庭,海蒂和爷爷,75,
,,1965/美国/剧情传记爱情歌舞,音乐之声,76,
,,1984/美国意大利/犯罪剧情,美国往事,77,
,,2006/英国美国/剧情悬疑惊悚,致命魔术,78,
,,1994/美国/剧情喜剧犯罪,低俗小说,79,
,,1995/美国/剧情犯罪悬疑惊悚,七宗罪,80,
,,1991/美国/剧情犯罪惊悚,沉默的羔羊,81,
,,2004/美国加拿大/剧情悬疑科幻惊悚,蝴蝶效应,82,
,,2010/美国/剧情悬疑惊悚,禁闭岛,83,
,,1997/中国香港日本韩国/剧情爱情同性,春光乍泄,84,
,,1997/美国/剧情,心灵捕手,85,
,,2014/美国德国英国/剧情喜剧冒险,布达佩斯大饭店,86,
,,2006/日本/剧情歌舞,被嫌弃的松子的一生,87,
,,2009/美国英国/动作科幻冒险,阿凡达,88,
,,1936/美国/剧情喜剧爱情,摩登时代,89,
,,1990/美国/剧情奇幻爱情,剪刀手爱德华,90,
,,1995/美国/动作传记剧情历史战争,勇敢的心,91,
,,2001/法国德国/喜剧爱情,天使爱美丽,92,
,,1999/中国香港/喜剧剧情爱情,喜剧之王,93,
,,2003/美国/剧情悬疑惊悚,致命ID,94,
,,2003/美国/动作冒险奇幻,加勒比海盗,95,
,,2005/美国加拿大/剧情爱情同性家庭,断背山,96,
,,2011/美国英国/奇幻冒险,哈利·波特与死亡圣器(下),97,
,,2003/韩国/剧情动作犯罪悬疑惊悚,杀人回忆,98,
,,2012/丹麦瑞典/剧情,狩猎,99,
,,2017/意大利法国巴西美国荷兰德国/剧情爱情同性,请以你的名字呼唤我,100,
,,1997/日本/动画奇幻冒险,幽灵公主,101,
,,1994/中国大陆中国香港/剧情爱情,阳光灿烂的日子,102,
,,2014/日本/剧情,小森林 夏秋篇,103,
,,1994/中国香港/剧情爱情,重庆森林,104,
,,2008/日本/剧情,入殓师,105,
,,1999/美国/剧情悬疑惊悚,第六感,106,
,,2013/韩国/剧情喜剧家庭,7号房的礼物,107,
,,2006/日本/动画悬疑科幻惊悚,红辣椒,108,
,,2014/美国/剧情犯罪悬疑惊悚,消失的爱人,109,
,,2015/日本/剧情,小森林 冬春篇,110,
,,1995/美国奥地利瑞士/剧情爱情,爱在黎明破晓前,111,
,,2000/中国台湾日本/剧情爱情家庭,一一,112,
,,1995/日本/剧情爱情动画,侧耳倾听,113,
,,1993/中国香港/喜剧爱情古装,唐伯虎点秋香,114,
,,2011/美国/剧情,超脱,115,
,,2009/澳大利亚/剧情喜剧动画,玛丽和马克思,116,
,,1987/中国香港/爱情奇幻武侠古装,倩女幽魂,117,
,,2012/美国英国/剧情动作科幻犯罪惊悚,蝙蝠侠：黑暗骑士崛起,118,
,,2010/日本/剧情惊悚,告白,119,
,,2003/美国/剧情家庭奇幻冒险,大鱼,120,
,,1996/中国香港/剧情爱情,甜蜜蜜,121,
,,2011/韩国/剧情喜剧,阳光姐妹淘,122,
,,2004/日本/剧情,无人知晓,123,
,,2011/日本/剧情爱情动画奇幻,萤火之森,124,
,,1993/中国香港/喜剧奇幻武侠古装,射雕英雄传之东成西就,125,
,,2010/美国/动画奇幻冒险,驯龙高手,126,
,,2014/美国/喜剧动作科幻动画冒险,超能陆战队,127,
,,2004/美国/喜剧剧情爱情,幸福终点站,128,
,,2010/日本/动画奇幻冒险,借东西的小人阿莉埃蒂,129,
,,1999/日本/剧情喜剧,菊次郎的夏天,130,
,,2004/美国法国/剧情爱情,爱在日落黄昏时,131,
,,2013/韩国/剧情犯罪悬疑,恐怖直播,132,
,,1993/美国/剧情犯罪,完美的世界,133,
,,2010/美国法国/喜剧动画冒险,神偷奶爸,134,
,,2001/美国/儿童喜剧动画奇幻冒险,怪兽电力公司,135,
,,2004/中国大陆中国香港/动作喜剧犯罪奇幻,功夫,136,
,,2017/日本/纪录片,人生果实,137,
,,2010/美国/喜剧动画奇幻冒险,玩具总动员3,138,
,,2016/美国澳大利亚/剧情传记历史战争,血战钢锯岭,139,
,,2005/法国英国美国/剧情爱情,傲慢与偏见,140,
,,1984/日本/动画奇幻冒险,风之谷,141,
,,2013/英国/喜剧爱情奇幻,时空恋旅人,142,
,,1983(中国大陆)/中国大陆/动画奇幻,天书奇谭,143,
,,1990/美国/剧情犯罪,教父3,144,
,,2002/巴西法国/犯罪剧情,上帝之城,145,
,,2004/美国/悬疑惊悚恐怖,电锯惊魂,146,
,,1993/中国台湾美国/剧情喜剧爱情同性家庭,喜宴,147,
,,2012/美国/剧情动作西部冒险,被解救的姜戈,148,
,,1986/中国香港/剧情动作犯罪,英雄本色,149,
,,1954/日本/动作冒险剧情,七武士,150,
,,1979/中国大陆/冒险动画奇幻,哪吒闹海,151,
,,2007/美国德国/动作悬疑惊悚,谍影重重3,152,
,,2010/中国香港中国大陆/剧情家庭,岁月神偷,153,
,,2001/美国/剧情家庭,我是山姆,154,
,,2016/韩国/动作惊悚灾难,釜山行,155,
,,2018/美国/动作科幻冒险,头号玩家,156,
,,1991/中国香港/剧情喜剧动作犯罪,纵横四海,157,
,,2013/美国/喜剧动画冒险,疯狂原始人,158,
,,2017/美国英国/剧情犯罪,三块广告牌,159,
,,2014/中国大陆/剧情犯罪悬疑,心迷宫,160,
,,2004/英国美国/奇幻冒险,哈利·波特与阿兹卡班的囚徒,161,
,,2013/美国/剧情传记同性,达拉斯买家俱乐部,162,
,,1988/日本/动画剧情战争,萤火虫之墓,163,
,,2014/阿根廷西班牙/剧情喜剧犯罪,荒蛮故事,164,
,,2004/英国南非意大利/剧情历史战争,卢旺达饭店,165,
,,2003/英国美国法国/喜剧剧情爱情,真爱至上,166,
,,2008/英国法国美国印度/剧情爱情,贫民窟的百万富翁,167,
,,1994/中国香港中国台湾/剧情动作爱情武侠古装,东邪西毒,168,
,,2016/日本/剧情爱情动画,你的名字。,169,
,,2000/美国/犯罪剧情悬疑惊悚,记忆碎片,170,
,,2000/中国香港/剧情爱情,花样年华,171,
,,2014/美国/剧情音乐,爆裂鼓手,172,
,,2010/美国/剧情惊悚,黑天鹅,173,
,,2015/瑞典/剧情,一个叫欧维的男人决定去死,174,
,,1987/日本/剧情,忠犬八公物语,175,
,,2003/美国澳大利亚/动作科幻,黑客帝国3：矩阵革命,176,
,,2014/英国美国/剧情传记战争同性,模仿游戏,177,
,,2002/美国英国德国/奇幻冒险,哈利·波特与密室,178,
,,2015/美国/喜剧动画冒险,头脑特工队,179,
,,2010/日本/剧情动画儿童,你看起来好像很好吃,180,
,,1997/日本/动画奇幻惊悚,未麻的部屋,181,
,,1988/美国/剧情,雨人,182,
,,2013/韩国/剧情犯罪,新世界,183,
,,2012/美国/喜剧动画奇幻冒险,无敌破坏王,184,
,,2015/日本/剧情家庭,海街日记,185,
,,2002/美国/喜剧动画冒险,冰川时代,186,
,,2004/美国/剧情爱情,恋恋笔记本,187,
,,1960/美国/悬疑惊悚恐怖,惊魂记,188,
,,2016/美国/剧情家庭,海边的曼彻斯特,189,
,,2015/中国大陆/纪录片,二十二,190,
,,2015/爱尔兰加拿大英国美国/剧情家庭,房间,191,
,,2009/英国澳大利亚/剧情悬疑惊悚,恐怖游轮,192,
,,1966/法国英国/喜剧战争,虎口脱险,193,
,,1989/日本/动画奇幻冒险,魔女宅急便,194,
,,2017/美国中国香港/剧情儿童家庭,奇迹男孩,195,
,,2001/美国/剧情科幻,人工智能,196,
,,2006/中国大陆中国香港/喜剧犯罪,疯狂的石头,197,
,,1952/美国/喜剧歌舞爱情,雨中曲,198,
,,1999/美国/犯罪剧情奇幻悬疑,绿里奇迹,199,
,,2018/日本/剧情犯罪家庭,小偷家族,200,
,,2013/美国希腊/剧情爱情,爱在午夜降临前,201,
,,1950/日本/剧情犯罪悬疑,罗生门,202,
,,1991/美国法国/动作科幻,终结者2：审判日,203,
,,2010/泰国/剧情喜剧爱情,初恋这件小事,204,
,,2009/法国瑞士西班牙美国阿联酋/纪录片,海洋,205,
,,1940/美国/剧情爱情战争,魂断蓝桥,206,
,,2004/中国大陆中国香港/剧情犯罪,可可西里,207,
,,1994/美国/剧情爱情战争西部,燃情岁月,208,
,,1968/英国美国/科幻惊悚冒险,2001太空漫游,209,
,,2006/日本/剧情爱情科幻动画,穿越时空的少女,210,
,,1931/美国/喜剧剧情爱情,城市之光,211,
,,1991/中国台湾/剧情犯罪,牯岭街少年杀人事件,212,
,,1992/中国香港中国大陆/动作爱情武侠古装,新龙门客栈,213,
,,2009/德国美国/剧情犯罪,无耻混蛋,214,
,,2016/意大利/剧情喜剧,完美陌生人,215,
,,2011/美国加拿大/科幻悬疑惊悚,源代码,216,
,,2007/中国台湾中国大陆美国中国香港/剧情爱情情色,色，戒,217,
,,1990/中国香港/犯罪剧情爱情,阿飞正传,218,
,,1993/中国香港中国大陆/剧情爱情奇幻古装,青蛇,219,
,,2006/德国法国西班牙美国/剧情犯罪奇幻,香水,220,
,,2007/美国/冒险喜剧剧情,遗愿清单,221,
,,2004/美国德国/动作悬疑惊悚,谍影重重2,222,
,,2006/美国德国/剧情惊悚冒险,血钻,223,
,,2007/印度/剧情儿童家庭,地球上的星星,224,
,,2017/中国台湾/剧情喜剧,大佛普拉斯,225,
,,2005/美国法国/剧情犯罪,战争之王,226,
,,2002/美国德国捷克/动作悬疑惊悚,谍影重重,227,
,,2015/澳大利亚美国/动作科幻冒险,疯狂的麦克斯4：狂暴之路,228,
,,2008/日本/剧情家庭,步履不停,229,
,,2013/美国英国/科幻悬疑惊悚,彗星来的那一夜,230,
,,1996/英国/剧情犯罪,猜火车,231,
,,2008/美国德国/剧情爱情,朗读者,232,
,,2008/德国/剧情惊悚,浪潮,233,
,,1994/中国香港/剧情喜剧古装,九品芝麻官,234,
,,2015/印度/剧情喜剧动作,小萝莉的猴神大叔,235,
,,2005/英国美国/奇幻冒险,哈利·波特与火焰杯,236,
,,2013/美国/喜剧爱情音乐,再次出发之纽约遇见你,237,
,,1953/日本/剧情家庭,东京物语,238,
,,2015/美国/剧情传记,聚焦,239,
,,2016/中国大陆/剧情喜剧,驴得水,240,
,,1998/英国/犯罪悬疑惊悚,追随,241,
,,1997/美国/剧情科幻惊悚,千钧一发,242,
,,2011/伊朗法国/剧情家庭,一次别离,243,
,,2018/英国美国/剧情传记同性音乐,波西米亚狂想曲,244,
,,2011/韩国/剧情爱情,我爱你,245,
,,2001/美国/动作历史战争,黑鹰坠落,246,
,,2018/美国俄罗斯/剧情犯罪悬疑惊悚,网络谜踪,247,
,,2017/中国大陆/纪录片家庭,四个春天,248,
,,1971/英国美国/犯罪剧情科幻,发条橙,249,
,,2003/美国澳大利亚/动作科幻,黑客帝国2：重装上阵,250,
describe,evalute,introduce,movie_name,serial_number,star
,,1994/美国/犯罪剧情,肖申克的救赎,1,
,,1993/中国大陆中国香港/剧情爱情同性,霸王别姬,2,
,,1994/美国/剧情爱情,阿甘正传,3,
,,1994/法国/剧情动作犯罪,这个杀手不太冷,4,
,,1997/意大利/剧情喜剧爱情战争,美丽人生,5,
,,1997/美国/剧情爱情灾难,泰坦尼克号,6,
,,2001/日本/剧情动画奇幻,千与千寻,7,
,,1993/美国/剧情历史战争,辛德勒的名单,8,
,,2010/美国英国/剧情科幻悬疑冒险,盗梦空间,9,
,,2009/美国英国/剧情,忠犬八公的故事,10,
,,1998/意大利/剧情音乐,海上钢琴师,11,
,,1998/美国/剧情科幻,楚门的世界,12,
,,2009/印度/剧情喜剧爱情歌舞,三傻大闹宝莱坞,13,
,,2008/美国/科幻动画冒险,机器人总动员,14,
,,2004/法国瑞士德国/剧情音乐,放牛班的春天,15,
,,2014/美国英国加拿大冰岛/剧情科幻冒险,星际穿越,16,
,,1995/中国香港中国大陆/喜剧爱情奇幻古装,大话西游之大圣娶亲,17,
,,2011/韩国/剧情,熔炉,18,
,,2016/美国/喜剧动画冒险,疯狂动物城,19,
,,2002/中国香港/剧情犯罪悬疑,无间道,20,
,,1988/日本/动画奇幻冒险,龙猫,21,
,,1972/美国/剧情犯罪,教父,22,
,,2006/美国/剧情传记家庭,当幸福来敲门,23,
,,2010/美国/剧情喜剧爱情,怦然心动,24,
,,2011/法国/剧情喜剧,触不可及,25,
,,2008/美国英国/剧情动作科幻犯罪惊悚,蝙蝠侠：黑暗骑士,26,
,,1957/美国/剧情犯罪悬疑,控方证人,27,
,,1994/中国大陆中国香港/剧情历史家庭,活着,28,
,,1939/美国/剧情历史爱情战争,乱世佳人,29,
,,2017/美国/喜剧动画奇幻音乐,寻梦环游记,30,
,,1987/英国意大利中国大陆法国/剧情传记历史,末代皇帝,31,
,,2016/印度/剧情传记运动家庭,摔跤吧！爸爸,32,
,,2003/美国新西兰/剧情动作奇幻冒险,指环王3：王者无敌,33,
,,2018/黎巴嫩法国美国/剧情,何以为家,34,
,,2012/美国中国台湾英国加拿大/剧情奇幻冒险,少年派的奇幻漂流,35,
,,2009/美国/剧情喜剧动画冒险,飞屋环游记,36,
,,1957/美国/剧情,十二怒汉,37,
,,2000/中国大陆/剧情喜剧,鬼子来了,38,
,,1986/日本/动画奇幻冒险,天空之城,39,
,,2013/韩国/剧情,素媛,40,
,,2004/日本/动画奇幻冒险,哈尔的移动城堡,41,
,,1995/中国香港中国大陆/喜剧爱情奇幻古装,大话西游之月光宝盒,42,
,,1988/意大利法国/剧情爱情,天堂电影院,43,
,,1953/美国/喜剧剧情爱情,罗马假日,44,
,,1992/美国/剧情,闻香识女人,45,
,,2001/美国英国/奇幻冒险,哈利·波特与魔法石,46,
,,2013/韩国/剧情,辩护人,47,
,,2018/中国大陆/剧情喜剧,我不是药神,48,
,,1999/美国德国/剧情动作悬疑惊悚,搏击俱乐部,49,
,,1989/美国/剧情,死亡诗社,50,
,,1974/美国/剧情犯罪,教父2,51,
,,1994/美国/动画冒险歌舞,狮子王,52,
,,2002/美国新西兰/剧情动作奇幻冒险,指环王2：双塔奇兵,53,
,,1961(中国大陆)/1964(中国大陆)/1978(中国大陆)/2004(中国大陆)/中国大陆/动画奇幻,大闹天宫,54,
,,2006/德国/剧情悬疑,窃听风暴,55,
,,2002/美国加拿大/传记犯罪剧情,猫鼠游戏,56,
,,2001/新西兰美国/剧情动作奇幻冒险,指环王1：魔戒再现,57,
,,1998/英国/剧情喜剧犯罪,两杆大烟枪,58,
,,2001/美国/传记剧情,美丽心灵,59,
,,2002/法国德国英国波兰/剧情传记历史战争音乐,钢琴家,60,
,,1994/中国台湾美国/剧情家庭,饮食男女,61,
,,1999/美国澳大利亚/动作科幻,黑客帝国,62,
,,1975/美国/剧情,飞越疯人院,63,
,,2008/美国/剧情爱情奇幻,本杰明·巴顿奇事,64,
,,2005/美国英国德国/剧情动作科幻惊悚,V字仇杀队,65,
,,2010/中国大陆中国香港/剧情喜剧动作西部,让子弹飞,66,
,,2016/西班牙/剧情犯罪悬疑惊悚,看不见的客人,67,
,,2000/意大利美国/剧情战争情色,西西里的美丽传说,68,
,,1997/伊朗/剧情儿童家庭,小鞋子,69,
,,1998/美国/剧情历史战争,拯救大兵瑞恩,70,
,,2018/美国/剧情喜剧传记,绿皮书,71,
,,2009/美国/纪录片,海豚湾,72,
,,1995/日本/剧情爱情,情书,73,
,,2008/英国美国/剧情战争,穿条纹睡衣的男孩,74,
,,2015/德国瑞士南非/剧情冒险家庭,海蒂和爷爷,75,
,,1965/美国/剧情传记爱情歌舞,音乐之声,76,
,,1984/美国意大利/犯罪剧情,美国往事,77,
,,2006/英国美国/剧情悬疑惊悚,致命魔术,78,
,,1994/美国/剧情喜剧犯罪,低俗小说,79,
,,1995/美国/剧情犯罪悬疑惊悚,七宗罪,80,
,,1991/美国/剧情犯罪惊悚,沉默的羔羊,81,
,,2004/美国加拿大/剧情悬疑科幻惊悚,蝴蝶效应,82,
,,2010/美国/剧情悬疑惊悚,禁闭岛,83,
,,1997/中国香港日本韩国/剧情爱情同性,春光乍泄,84,
,,1997/美国/剧情,心灵捕手,85,
,,2014/美国德国英国/剧情喜剧冒险,布达佩斯大饭店,86,
,,2006/日本/剧情歌舞,被嫌弃的松子的一生,87,
,,2009/美国英国/动作科幻冒险,阿凡达,88,
,,1936/美国/剧情喜剧爱情,摩登时代,89,
,,1990/美国/剧情奇幻爱情,剪刀手爱德华,90,
,,1995/美国/动作传记剧情历史战争,勇敢的心,91,
,,2001/法国德国/喜剧爱情,天使爱美丽,92,
,,1999/中国香港/喜剧剧情爱情,喜剧之王,93,
,,2003/美国/剧情悬疑惊悚,致命ID,94,
,,2003/美国/动作冒险奇幻,加勒比海盗,95,
,,2005/美国加拿大/剧情爱情同性家庭,断背山,96,
,,2011/美国英国/奇幻冒险,哈利·波特与死亡圣器(下),97,
,,2003/韩国/剧情动作犯罪悬疑惊悚,杀人回忆,98,
,,2012/丹麦瑞典/剧情,狩猎,99,
,,2017/意大利法国巴西美国荷兰德国/剧情爱情同性,请以你的名字呼唤我,100,
,,1997/日本/动画奇幻冒险,幽灵公主,101,
,,1994/中国大陆中国香港/剧情爱情,阳光灿烂的日子,102,
,,2014/日本/剧情,小森林 夏秋篇,103,
,,1994/中国香港/剧情爱情,重庆森林,104,
,,2008/日本/剧情,入殓师,105,
,,1999/美国/剧情悬疑惊悚,第六感,106,
,,2013/韩国/剧情喜剧家庭,7号房的礼物,107,
,,2006/日本/动画悬疑科幻惊悚,红辣椒,108,
,,2014/美国/剧情犯罪悬疑惊悚,消失的爱人,109,
,,2015/日本/剧情,小森林 冬春篇,110,
,,1995/美国奥地利瑞士/剧情爱情,爱在黎明破晓前,111,
,,2000/中国台湾日本/剧情爱情家庭,一一,112,
,,1995/日本/剧情爱情动画,侧耳倾听,113,
,,1993/中国香港/喜剧爱情古装,唐伯虎点秋香,114,
,,2011/美国/剧情,超脱,115,
,,2009/澳大利亚/剧情喜剧动画,玛丽和马克思,116,
,,1987/中国香港/爱情奇幻武侠古装,倩女幽魂,117,
,,2012/美国英国/剧情动作科幻犯罪惊悚,蝙蝠侠：黑暗骑士崛起,118,
,,2010/日本/剧情惊悚,告白,119,
,,2003/美国/剧情家庭奇幻冒险,大鱼,120,
,,1996/中国香港/剧情爱情,甜蜜蜜,121,
,,2011/韩国/剧情喜剧,阳光姐妹淘,122,
,,2004/日本/剧情,无人知晓,123,
,,2011/日本/剧情爱情动画奇幻,萤火之森,124,
,,1993/中国香港/喜剧奇幻武侠古装,射雕英雄传之东成西就,125,
,,2010/美国/动画奇幻冒险,驯龙高手,126,
,,2014/美国/喜剧动作科幻动画冒险,超能陆战队,127,
,,2004/美国/喜剧剧情爱情,幸福终点站,128,
,,2010/日本/动画奇幻冒险,借东西的小人阿莉埃蒂,129,
,,1999/日本/剧情喜剧,菊次郎的夏天,130,
,,2004/美国法国/剧情爱情,爱在日落黄昏时,131,
,,2013/韩国/剧情犯罪悬疑,恐怖直播,132,
,,1993/美国/剧情犯罪,完美的世界,133,
,,2010/美国法国/喜剧动画冒险,神偷奶爸,134,
,,2001/美国/儿童喜剧动画奇幻冒险,怪兽电力公司,135,
,,2004/中国大陆中国香港/动作喜剧犯罪奇幻,功夫,136,
,,2017/日本/纪录片,人生果实,137,
,,2010/美国/喜剧动画奇幻冒险,玩具总动员3,138,
,,2016/美国澳大利亚/剧情传记历史战争,血战钢锯岭,139,
,,2005/法国英国美国/剧情爱情,傲慢与偏见,140,
,,1984/日本/动画奇幻冒险,风之谷,141,
,,2013/英国/喜剧爱情奇幻,时空恋旅人,142,
,,1983(中国大陆)/中国大陆/动画奇幻,天书奇谭,143,
,,1990/美国/剧情犯罪,教父3,144,
,,2002/巴西法国/犯罪剧情,上帝之城,145,
,,2004/美国/悬疑惊悚恐怖,电锯惊魂,146,
,,1993/中国台湾美国/剧情喜剧爱情同性家庭,喜宴,147,
,,2012/美国/剧情动作西部冒险,被解救的姜戈,148,
,,1986/中国香港/剧情动作犯罪,英雄本色,149,
,,1954/日本/动作冒险剧情,七武士,150,
,,1979/中国大陆/冒险动画奇幻,哪吒闹海,151,
,,2007/美国德国/动作悬疑惊悚,谍影重重3,152,
,,2010/中国香港中国大陆/剧情家庭,岁月神偷,153,
,,2001/美国/剧情家庭,我是山姆,154,
,,2016/韩国/动作惊悚灾难,釜山行,155,
,,2018/美国/动作科幻冒险,头号玩家,156,
,,1991/中国香港/剧情喜剧动作犯罪,纵横四海,157,
,,2013/美国/喜剧动画冒险,疯狂原始人,158,
,,2017/美国英国/剧情犯罪,三块广告牌,159,
,,2014/中国大陆/剧情犯罪悬疑,心迷宫,160,
,,2004/英国美国/奇幻冒险,哈利·波特与阿兹卡班的囚徒,161,
,,2013/美国/剧情传记同性,达拉斯买家俱乐部,162,
,,1988/日本/动画剧情战争,萤火虫之墓,163,
,,2014/阿根廷西班牙/剧情喜剧犯罪,荒蛮故事,164,
,,2004/英国南非意大利/剧情历史战争,卢旺达饭店,165,
,,2003/英国美国法国/喜剧剧情爱情,真爱至上,166,
,,2008/英国法国美国印度/剧情爱情,贫民窟的百万富翁,167,
,,1994/中国香港中国台湾/剧情动作爱情武侠古装,东邪西毒,168,
,,2016/日本/剧情爱情动画,你的名字。,169,
,,2000/美国/犯罪剧情悬疑惊悚,记忆碎片,170,
,,2000/中国香港/剧情爱情,花样年华,171,
,,2014/美国/剧情音乐,爆裂鼓手,172,
,,2010/美国/剧情惊悚,黑天鹅,173,
,,2015/瑞典/剧情,一个叫欧维的男人决定去死,174,
,,1987/日本/剧情,忠犬八公物语,175,
,,2003/美国澳大利亚/动作科幻,黑客帝国3：矩阵革命,176,
,,2014/英国美国/剧情传记战争同性,模仿游戏,177,
,,2002/美国英国德国/奇幻冒险,哈利·波特与密室,178,
,,2015/美国/喜剧动画冒险,头脑特工队,179,
,,2010/日本/剧情动画儿童,你看起来好像很好吃,180,
,,1997/日本/动画奇幻惊悚,未麻的部屋,181,
,,1988/美国/剧情,雨人,182,
,,2013/韩国/剧情犯罪,新世界,183,
,,2012/美国/喜剧动画奇幻冒险,无敌破坏王,184,
,,2015/日本/剧情家庭,海街日记,185,
,,2002/美国/喜剧动画冒险,冰川时代,186,
,,2004/美国/剧情爱情,恋恋笔记本,187,
,,1960/美国/悬疑惊悚恐怖,惊魂记,188,
,,2016/美国/剧情家庭,海边的曼彻斯特,189,
,,2015/中国大陆/纪录片,二十二,190,
,,2015/爱尔兰加拿大英国美国/剧情家庭,房间,191,
,,2009/英国澳大利亚/剧情悬疑惊悚,恐怖游轮,192,
,,1966/法国英国/喜剧战争,虎口脱险,193,
,,1989/日本/动画奇幻冒险,魔女宅急便,194,
,,2017/美国中国香港/剧情儿童家庭,奇迹男孩,195,
,,2001/美国/剧情科幻,人工智能,196,
,,2006/中国大陆中国香港/喜剧犯罪,疯狂的石头,197,
,,1952/美国/喜剧歌舞爱情,雨中曲,198,
,,1999/美国/犯罪剧情奇幻悬疑,绿里奇迹,199,
,,2018/日本/剧情犯罪家庭,小偷家族,200,
,,2013/美国希腊/剧情爱情,爱在午夜降临前,201,
,,1950/日本/剧情犯罪悬疑,罗生门,202,
,,1991/美国法国/动作科幻,终结者2：审判日,203,
,,2010/泰国/剧情喜剧爱情,初恋这件小事,204,
,,2009/法国瑞士西班牙美国阿联酋/纪录片,海洋,205,
,,1940/美国/剧情爱情战争,魂断蓝桥,206,
,,2004/中国大陆中国香港/剧情犯罪,可可西里,207,
,,1994/美国/剧情爱情战争西部,燃情岁月,208,
,,1968/英国美国/科幻惊悚冒险,2001太空漫游,209,
,,2006/日本/剧情爱情科幻动画,穿越时空的少女,210,
,,1931/美国/喜剧剧情爱情,城市之光,211,
,,1991/中国台湾/剧情犯罪,牯岭街少年杀人事件,212,
,,1992/中国香港中国大陆/动作爱情武侠古装,新龙门客栈,213,
,,2009/德国美国/剧情犯罪,无耻混蛋,214,
,,2016/意大利/剧情喜剧,完美陌生人,215,
,,2011/美国加拿大/科幻悬疑惊悚,源代码,216,
,,2007/中国台湾中国大陆美国中国香港/剧情爱情情色,色，戒,217,
,,1990/中国香港/犯罪剧情爱情,阿飞正传,218,
,,1993/中国香港中国大陆/剧情爱情奇幻古装,青蛇,219,
,,2006/德国法国西班牙美国/剧情犯罪奇幻,香水,220,
,,2007/美国/冒险喜剧剧情,遗愿清单,221,
,,2004/美国德国/动作悬疑惊悚,谍影重重2,222,
,,2006/美国德国/剧情惊悚冒险,血钻,223,
,,2007/印度/剧情儿童家庭,地球上的星星,224,
,,2017/中国台湾/剧情喜剧,大佛普拉斯,225,
,,2005/美国法国/剧情犯罪,战争之王,226,
,,2002/美国德国捷克/动作悬疑惊悚,谍影重重,227,
,,2015/澳大利亚美国/动作科幻冒险,疯狂的麦克斯4：狂暴之路,228,
,,2008/日本/剧情家庭,步履不停,229,
,,2013/美国英国/科幻悬疑惊悚,彗星来的那一夜,230,
,,1996/英国/剧情犯罪,猜火车,231,
,,2008/美国德国/剧情爱情,朗读者,232,
,,2008/德国/剧情惊悚,浪潮,233,
,,1994/中国香港/剧情喜剧古装,九品芝麻官,234,
,,2015/印度/剧情喜剧动作,小萝莉的猴神大叔,235,
,,2005/英国美国/奇幻冒险,哈利·波特与火焰杯,236,
,,2013/美国/喜剧爱情音乐,再次出发之纽约遇见你,237,
,,1953/日本/剧情家庭,东京物语,238,
,,2015/美国/剧情传记,聚焦,239,
,,2016/中国大陆/剧情喜剧,驴得水,240,
,,1998/英国/犯罪悬疑惊悚,追随,241,
,,1997/美国/剧情科幻惊悚,千钧一发,242,
,,2011/伊朗法国/剧情家庭,一次别离,243,
,,2018/英国美国/剧情传记同性音乐,波西米亚狂想曲,244,
,,2011/韩国/剧情爱情,我爱你,245,
,,2001/美国/动作历史战争,黑鹰坠落,246,
,,2018/美国俄罗斯/剧情犯罪悬疑惊悚,网络谜踪,247,
,,2017/中国大陆/纪录片家庭,四个春天,248,
,,1971/英国美国/犯罪剧情科幻,发条橙,249,
,,2003/美国澳大利亚/动作科幻,黑客帝国2：重装上阵,250,
describe,evalute,introduce,movie_name,serial_number,star
,,"
                            导演: 弗兰克·德拉邦特 Frank Darabont   主演: 蒂姆·罗宾斯 Tim Robbins /...,
                            1994 / 美国 / 犯罪 剧情
                        ",肖申克的救赎,1,
,,"
                            导演: 陈凯歌 Kaige Chen   主演: 张国荣 Leslie Cheung / 张丰毅 Fengyi Zha...,
                            1993 / 中国大陆 中国香港 / 剧情 爱情 同性
                        ",霸王别姬,2,
,,"
                            导演: 罗伯特·泽米吉斯 Robert Zemeckis   主演: 汤姆·汉克斯 Tom Hanks / ...,
                            1994 / 美国 / 剧情 爱情
                        ",阿甘正传,3,
,,"
                            导演: 吕克·贝松 Luc Besson   主演: 让·雷诺 Jean Reno / 娜塔莉·波特曼 ...,
                            1994 / 法国 美国 / 剧情 动作 犯罪
                        ",这个杀手不太冷,4,
,,"
                            导演: 罗伯托·贝尼尼 Roberto Benigni   主演: 罗伯托·贝尼尼 Roberto Beni...,
                            1997 / 意大利 / 剧情 喜剧 爱情 战争
                        ",美丽人生,5,
,,"
                            导演: 詹姆斯·卡梅隆 James Cameron   主演: 莱昂纳多·迪卡普里奥 Leonardo...,
                            1997 / 美国 / 剧情 爱情 灾难
                        ",泰坦尼克号,6,
,,"
                            导演: 宫崎骏 Hayao Miyazaki   主演: 柊瑠美 Rumi Hîragi / 入野自由 Miy...,
                            2001 / 日本 / 剧情 动画 奇幻
                        ",千与千寻,7,
,,"
                            导演: 史蒂文·斯皮尔伯格 Steven Spielberg   主演: 连姆·尼森 Liam Neeson...,
                            1993 / 美国 / 剧情 历史 战争
                        ",辛德勒的名单,8,
,,"
                            导演: 克里斯托弗·诺兰 Christopher Nolan   主演: 莱昂纳多·迪卡普里奥 Le...,
                            2010 / 美国 英国 / 剧情 科幻 悬疑 冒险
                        ",盗梦空间,9,
,,"
                            导演: 莱塞·霍尔斯道姆 Lasse Hallström   主演: 理查·基尔 Richard Ger...,
                            2009 / 美国 英国 / 剧情
                        ",忠犬八公的故事,10,
,,"
                            导演: 朱塞佩·托纳多雷 Giuseppe Tornatore   主演: 蒂姆·罗斯 Tim Roth / ...,
                            1998 / 意大利 / 剧情 音乐
                        ",海上钢琴师,11,
,,"
                            导演: 彼得·威尔 Peter Weir   主演: 金·凯瑞 Jim Carrey / 劳拉·琳妮 Lau...,
                            1998 / 美国 / 剧情 科幻
                        ",楚门的世界,12,
,,"
                            导演: 拉库马·希拉尼 Rajkumar Hirani   主演: 阿米尔·汗 Aamir Khan / 卡...,
                            2009 / 印度 / 剧情 喜剧 爱情 歌舞
                        ",三傻大闹宝莱坞,13,
,,"
                            导演: 安德鲁·斯坦顿 Andrew Stanton   主演: 本·贝尔特 Ben Burtt / 艾丽...,
                            2008 / 美国 / 科幻 动画 冒险
                        ",机器人总动员,14,
,,"
                            导演: 克里斯托夫·巴拉蒂 Christophe Barratier   主演: 热拉尔·朱尼奥 Gé...,
                            2004 / 法国 瑞士 德国 / 剧情 音乐
                        ",放牛班的春天,15,
,,"
                            导演: 克里斯托弗·诺兰 Christopher Nolan   主演: 马修·麦康纳 Matthew Mc...,
                            2014 / 美国 英国 加拿大 冰岛 / 剧情 科幻 冒险
                        ",星际穿越,16,
,,"
                            导演: 刘镇伟 Jeffrey Lau   主演: 周星驰 Stephen Chow / 吴孟达 Man Tat Ng...,
                            1995 / 中国香港 中国大陆 / 喜剧 爱情 奇幻 古装
                        ",大话西游之大圣娶亲,17,
,,"
                            导演: 黄东赫 Dong-hyuk Hwang   主演: 孔侑 Yoo Gong / 郑有美 Yu-mi Jung /...,
                            2011 / 韩国 / 剧情
                        ",熔炉,18,
,,"
                            导演: 拜伦·霍华德 Byron Howard / 瑞奇·摩尔 Rich Moore   主演: 金妮弗·...,
                            2016 / 美国 / 喜剧 动画 冒险
                        ",疯狂动物城,19,
,,"
                            导演: 刘伟强 / 麦兆辉   主演: 刘德华 / 梁朝伟 / 黄秋生,
                            2002 / 中国香港 / 剧情 犯罪 悬疑
                        ",无间道,20,
,,"
                            导演: 宫崎骏 Hayao Miyazaki   主演: 日高法子 Noriko Hidaka / 坂本千夏 Ch...,
                            1988 / 日本 / 动画 奇幻 冒险
                        ",龙猫,21,
,,"
                            导演: 弗朗西斯·福特·科波拉 Francis Ford Coppola   主演: 马龙·白兰度 M...,
                            1972 / 美国 / 剧情 犯罪
                        ",教父,22,
,,"
                            导演: 加布里尔·穆奇诺 Gabriele Muccino   主演: 威尔·史密斯 Will Smith ...,
                            2006 / 美国 / 剧情 传记 家庭
                        ",当幸福来敲门,23,
,,"
                            导演: 罗伯·莱纳 Rob Reiner   主演: 玛德琳·卡罗尔 Madeline Carroll / 卡...,
                            2010 / 美国 / 剧情 喜剧 爱情
                        ",怦然心动,24,
,,"
                            导演: 奥利维·那卡什 Olivier Nakache / 艾力克·托兰达 Eric Toledano   主...,
                            2011 / 法国 / 剧情 喜剧
                        ",触不可及,25,
,,"
                            导演: 比利·怀尔德 Billy Wilder   主演: 泰隆·鲍华 Tyrone Power / 玛琳·...,
                            1957 / 美国 / 剧情 犯罪 悬疑
                        ",控方证人,26,
,,"
                            导演: 克里斯托弗·诺兰 Christopher Nolan   主演: 克里斯蒂安·贝尔 Christ...,
                            2008 / 美国 英国 / 剧情 动作 科幻 犯罪 惊悚
                        ",蝙蝠侠：黑暗骑士,27,
,,"
                            导演: 张艺谋 Yimou Zhang   主演: 葛优 You Ge / 巩俐 Li Gong / 姜武 Wu Jiang,
                            1994 / 中国大陆 中国香港 / 剧情 历史 家庭
                        ",活着,28,
,,"
                            导演: 李·昂克里奇 Lee Unkrich / 阿德里安·莫利纳 Adrian Molina   主演: ...,
                            2017 / 美国 / 喜剧 动画 奇幻 音乐
                        ",寻梦环游记,29,
,,"
                            导演: 维克多·弗莱明 Victor Fleming / 乔治·库克 George Cukor   主演: 费...,
                            1939 / 美国 / 剧情 历史 爱情 战争
                        ",乱世佳人,30,
,,"
                            导演: 贝纳尔多·贝托鲁奇 Bernardo Bertolucci   主演: 尊龙 John Lone / 陈...,
                            1987 / 英国 意大利 中国大陆 法国 / 剧情 传记 历史
                        ",末代皇帝,31,
,,"
                            导演: 涅提·蒂瓦里 Nitesh Tiwari   主演: 阿米尔·汗 Aamir Khan / 法缇玛...,
                            2016 / 印度 / 剧情 传记 运动 家庭
                        ",摔跤吧！爸爸,32,
,,"
                            导演: 彼得·杰克逊 Peter Jackson   主演: 伊利亚·伍德 Elijah Wood / 西恩...,
                            2003 / 美国 新西兰 / 剧情 动作 奇幻 冒险
                        ",指环王3：王者无敌,33,
,,"
                            导演: 娜丁·拉巴基 Nadine Labaki   主演: 扎因·拉费阿 Zain al-Rafeea / ...,
                            2018 / 黎巴嫩 法国 美国 / 剧情
                        ",何以为家,34,
,,"
                            导演: 李安 Ang Lee   主演: 苏拉·沙玛 Suraj Sharma / 伊尔凡·可汗 Irrfan...,
                            2012 / 美国 中国台湾 英国 加拿大 / 剧情 奇幻 冒险
                        ",少年派的奇幻漂流,35,
,,"
                            导演: 彼特·道格特 Pete Docter / 鲍勃·彼德森 Bob Peterson   主演: 爱德...,
                            2009 / 美国 / 剧情 喜剧 动画 冒险
                        ",飞屋环游记,36,
,,"
                            导演: Sidney Lumet   主演: 亨利·方达 Henry Fonda / 马丁·鲍尔萨姆 Marti...,
                            1957 / 美国 / 剧情
                        ",十二怒汉,37,
,,"
                            导演: 姜文 Wen Jiang   主演: 姜文 Wen Jiang / 香川照之 Teruyuki Kagawa /...,
                            2000 / 中国大陆 / 剧情 喜剧
                        ",鬼子来了,38,
,,"
                            导演: 李濬益 Jun-ik Lee   主演: 薛景求 Kyung-gu Sol / 严志媛 Ji-won Uhm ...,
                            2013 / 韩国 / 剧情
                        ",素媛,39,
,,"
                            导演: 宫崎骏 Hayao Miyazaki   主演: 田中真弓 Mayumi Tanaka / 横泽启子 Ke...,
                            1986 / 日本 / 动画 奇幻 冒险
                        ",天空之城,40,
,,"
                            导演: 宫崎骏 Hayao Miyazaki   主演: 倍赏千惠子 Chieko Baishô / 木村拓...,
                            2004 / 日本 / 动画 奇幻 冒险
                        ",哈尔的移动城堡,41,
,,"
                            导演: 刘镇伟 Jeffrey Lau   主演: 周星驰 Stephen Chow / 吴孟达 Man Tat Ng...,
                            1995 / 中国香港 中国大陆 / 喜剧 爱情 奇幻 古装
                        ",大话西游之月光宝盒,42,
,,"
                            导演: 朱塞佩·托纳多雷 Giuseppe Tornatore   主演: 安东内拉·阿蒂利 Anton...,
                            1988 / 意大利 法国 / 剧情 爱情
                        ",天堂电影院,43,
,,"
                            导演: 威廉·惠勒 William Wyler   主演: 奥黛丽·赫本 Audrey Hepburn / 格...,
                            1953 / 美国 / 喜剧 剧情 爱情
                        ",罗马假日,44,
,,"
                            导演: 马丁·布莱斯 Martin Brest   主演: 阿尔·帕西诺 Al Pacino / 克里斯...,
                            1992 / 美国 / 剧情
                        ",闻香识女人,45,
,,"
                            导演: Chris Columbus   主演: Daniel Radcliffe / Emma Watson / Rupert Grint,
                            2001 / 美国 英国 / 奇幻 冒险
                        ",哈利·波特与魔法石,46,
,,"
                            导演: 杨宇硕 Woo-seok Yang   主演: 宋康昊 Kang-ho Song / 金英爱 Yeong-ae...,
                            2013 / 韩国 / 剧情
                        ",辩护人,47,
,,"
                            导演: 文牧野 Muye Wen   主演: 徐峥 Zheng Xu / 王传君 Chuanjun Wang / 周...,
                            2018 / 中国大陆 / 剧情 喜剧
                        ",我不是药神,48,
,,"
                            导演: 大卫·芬奇 David Fincher   主演: 爱德华·诺顿 Edward Norton / 布拉...,
                            1999 / 美国 德国 / 剧情 动作 悬疑 惊悚
                        ",搏击俱乐部,49,
,,"
                            导演: 彼得·威尔 Peter Weir   主演: 罗宾·威廉姆斯 Robin Williams / 罗伯...,
                            1989 / 美国 / 剧情
                        ",死亡诗社,50,
,,"
                            导演: 弗朗西斯·福特·科波拉 Francis Ford Coppola   主演: 阿尔·帕西诺 A...,
                            1974 / 美国 / 剧情 犯罪
                        ",教父2,51,
,,"
                            导演: Roger Allers / 罗伯·明可夫 Rob Minkoff   主演: 乔纳森·泰勒·托马...,
                            1994 / 美国 / 动画 冒险 歌舞
                        ",狮子王,52,
,,"
                            导演: 彼得·杰克逊 Peter Jackson   主演: 伊利亚·伍德 Elijah Wood / 西恩...,
                            2002 / 美国 新西兰 / 剧情 动作 奇幻 冒险
                        ",指环王2：双塔奇兵,53,
,,"
                            导演: 万籁鸣 Laiming Wan / 唐澄 Cheng  Tang   主演: 邱岳峰 Yuefeng Qiu /...,
                            1961(中国大陆) / 1964(中国大陆) / 1978(中国大陆) / 2004(中国大陆) / 中国大陆 / 动画 奇幻
                        ",大闹天宫,54,
,,"
                            导演: 弗洛里安·亨克尔·冯·多纳斯马尔克 Florian Henckel von Donnersmarck  &n...,
                            2006 / 德国 / 剧情 悬疑
                        ",窃听风暴,55,
,,"
                            导演: 史蒂文·斯皮尔伯格 Steven Spielberg   主演: 莱昂纳多·迪卡普里奥 L...,
                            2002 / 美国 加拿大 / 传记 犯罪 剧情
                        ",猫鼠游戏,56,
,,"
                            导演: 彼得·杰克逊 Peter Jackson   主演: 伊利亚·伍德 Elijah Wood / 西恩...,
                            2001 / 新西兰 美国 / 剧情 动作 奇幻 冒险
                        ",指环王1：魔戒再现,57,
,,"
                            导演: Guy Ritchie   主演: Jason Flemyng / Dexter Fletcher / Nick Moran,
                            1998 / 英国 / 剧情 喜剧 犯罪
                        ",两杆大烟枪,58,
,,"
                            导演: 罗曼·波兰斯基 Roman Polanski   主演: 艾德里安·布洛迪 Adrien Brod...,
                            2002 / 法国 德国 英国 波兰 / 剧情 传记 历史 战争 音乐
                        ",钢琴家,59,
,,"
                            导演: 朗·霍华德 Ron Howard   主演: 罗素·克劳 Russell Crowe / 艾德·哈...,
                            2001 / 美国 / 传记 剧情
                        ",美丽心灵,60,
,,"
                            导演: 李安 Ang Lee   主演: 郎雄 Sihung Lung / 杨贵媚 Kuei-Mei Yang / 吴...,
                            1994 / 中国台湾 美国 / 剧情 家庭
                        ",饮食男女,61,
,,"
                            导演: 安迪·沃卓斯基 Andy Wachowski / 拉娜·沃卓斯基 Lana Wachowski   主...,
                            1999 / 美国 澳大利亚 / 动作 科幻
                        ",黑客帝国,62,
,,"
                            导演: 米洛斯·福尔曼 Miloš Forman   主演: 杰克·尼科尔森 Jack Nichols...,
                            1975 / 美国 / 剧情
                        ",飞越疯人院,63,
,,"
                            导演: 大卫·芬奇 David Fincher   主演: 凯特·布兰切特 Cate Blanchett / ...,
                            2008 / 美国 / 剧情 爱情 奇幻
                        ",本杰明·巴顿奇事,64,
,,"
                            导演: 詹姆斯·麦克特格 James McTeigue   主演: 娜塔莉·波特曼 Natalie Por...,
                            2005 / 美国 英国 德国 / 剧情 动作 科幻 惊悚
                        ",V字仇杀队,65,
,,"
                            导演: 姜文 Wen Jiang   主演: 姜文 Wen Jiang / 葛优 You Ge / 周润发 Yun-F...,
                            2010 / 中国大陆 中国香港 / 剧情 喜剧 动作 西部
                        ",让子弹飞,66,
,,"
                            导演: 奥里奥尔·保罗 Oriol Paulo   主演: 马里奥·卡萨斯 Mario Casas / 阿...,
                            2016 / 西班牙 / 剧情 犯罪 悬疑 惊悚
                        ",看不见的客人,67,
,,"
                            导演: 朱塞佩·托纳多雷 Giuseppe Tornatore   主演: 莫妮卡·贝鲁奇 Monica ...,
                            2000 / 意大利 美国 / 剧情 战争 情色
                        ",西西里的美丽传说,68,
,,"
                            导演: 马基德·马基迪 Majid Majidi   主演: 法拉赫阿米尔·哈什米安 Amir Fa...,
                            1997 / 伊朗 / 剧情 儿童 家庭
                        ",小鞋子,69,
,,"
                            导演: 史蒂文·斯皮尔伯格 Steven Spielberg   主演: 汤姆·汉克斯 Tom Hanks...,
                            1998 / 美国 / 剧情 历史 战争
                        ",拯救大兵瑞恩,70,
,,"
                            导演: 彼得·法雷里 Peter Farrelly   主演: 维果·莫腾森 Viggo Mortensen /...,
                            2018 / 美国 / 剧情 喜剧 传记
                        ",绿皮书,71,
,,"
                            导演: 路易·西霍尤斯 Louie Psihoyos   主演: Richard O'Barry / 路易·西霍...,
                            2009 / 美国 / 纪录片
                        ",海豚湾,72,
,,"
                            导演: 岩井俊二 Shunji Iwai   主演: 中山美穗 Miho Nakayama / 丰川悦司 Ets...,
                            1995 / 日本 / 剧情 爱情
                        ",情书,73,
,,"
                            导演: 马克·赫尔曼 Mark Herman   主演: 阿萨·巴特菲尔德 Asa Butterfield ...,
                            2008 / 英国 美国 / 剧情 战争
                        ",穿条纹睡衣的男孩,74,
,,"
                            导演: 阿兰·葛斯彭纳 Alain Gsponer   主演: 阿努克·斯特芬 Anuk Steffen /...,
                            2015 / 德国 瑞士 南非 / 剧情 冒险 家庭
                        ",海蒂和爷爷,75,
,,"
                            导演: 罗伯特·怀斯 Robert Wise   主演: 朱莉·安德鲁斯 Julie Andrews / 克...,
                            1965 / 美国 / 剧情 传记 爱情 歌舞
                        ",音乐之声,76,
,,"
                            导演: 赛尔乔·莱翁内 Sergio Leone   主演: 罗伯特·德尼罗 Robert De Niro ...,
                            1984 / 美国 意大利 / 犯罪 剧情
                        ",美国往事,77,
,,"
                            导演: 克里斯托弗·诺兰 Christopher Nolan   主演: 休·杰克曼 Hugh Jackman...,
                            2006 / 英国 美国 / 剧情 悬疑 惊悚
                        ",致命魔术,78,
,,"
                            导演: 昆汀·塔伦蒂诺 Quentin Tarantino   主演: 约翰·特拉沃尔塔 John Tra...,
                            1994 / 美国 / 剧情 喜剧 犯罪
                        ",低俗小说,79,
,,"
                            导演: 大卫·芬奇 David Fincher   主演: 摩根·弗里曼 Morgan Freeman / 布...,
                            1995 / 美国 / 剧情 犯罪 悬疑 惊悚
                        ",七宗罪,80,
,,"
                            导演: 乔纳森·戴米 Jonathan Demme   主演: 朱迪·福斯特 Jodie Foster / 安...,
                            1991 / 美国 / 剧情 犯罪 惊悚
                        ",沉默的羔羊,81,
,,"
                            导演: 埃里克·布雷斯 Eric Bress / J·麦基·格鲁伯 J. Mackye Gruber   主...,
                            2004 / 美国 加拿大 / 剧情 悬疑 科幻 惊悚
                        ",蝴蝶效应,82,
,,"
                            导演: Martin Scorsese   主演: 莱昂纳多·迪卡普里奥 Leonardo DiCaprio / ...,
                            2010 / 美国 / 剧情 悬疑 惊悚
                        ",禁闭岛,83,
,,"
                            导演: 王家卫 Kar Wai Wong   主演: 张国荣 Leslie Cheung / 梁朝伟 Tony Leu...,
                            1997 / 中国香港 日本 韩国 / 剧情 爱情 同性
                        ",春光乍泄,84,
,,"
                            导演: 格斯·范·桑特 Gus Van Sant   主演: 马特·达蒙 Matt Damon / 罗宾·...,
                            1997 / 美国 / 剧情
                        ",心灵捕手,85,
,,"
                            导演: 韦斯·安德森 Wes Anderson   主演: 拉尔夫·费因斯 Ralph Fiennes / ...,
                            2014 / 美国 德国 英国 / 剧情 喜剧 冒险
                        ",布达佩斯大饭店,86,
,,"
                            导演: 中岛哲也 Tetsuya Nakashima   主演: 中谷美纪 Miki Nakatani / 瑛太 E...,
                            2006 / 日本 / 剧情 歌舞
                        ",被嫌弃的松子的一生,87,
,,"
                            导演: 詹姆斯·卡梅隆 James Cameron   主演: 萨姆·沃辛顿 Sam Worthington ...,
                            2009 / 美国 英国 / 动作 科幻 冒险
                        ",阿凡达,88,
,,"
                            导演: 查理·卓别林 Charles Chaplin   主演: 查理·卓别林 Charles Chaplin ...,
                            1936 / 美国 / 剧情 喜剧 爱情
                        ",摩登时代,89,
,,"
                            导演: 蒂姆·波顿 Tim Burton   主演: 约翰尼·德普 Johnny Depp / 薇诺娜·...,
                            1990 / 美国 / 剧情 奇幻 爱情
                        ",剪刀手爱德华,90,
,,"
                            导演: 梅尔·吉布森 Mel Gibson   主演: 梅尔·吉布森 Mel Gibson / 苏菲·玛...,
                            1995 / 美国 / 动作 传记 剧情 历史 战争
                        ",勇敢的心,91,
,,"
                            导演: 让-皮埃尔·热内 Jean-Pierre Jeunet   主演: 奥黛丽·塔图 Audrey Tau...,
                            2001 / 法国 德国 / 喜剧 爱情
                        ",天使爱美丽,92,
,,"
                            导演: 周星驰 Stephen Chow / 李力持 Lik-Chi Lee   主演: 周星驰 Stephen Ch...,
                            1999 / 中国香港 / 喜剧 剧情 爱情
                        ",喜剧之王,93,
,,"
                            导演: 詹姆斯·曼高德 James Mangold   主演: 约翰·库萨克 John Cusack / 雷...,
                            2003 / 美国 / 剧情 悬疑 惊悚
                        ",致命ID,94,
,,"
                            导演: 戈尔·维宾斯基 Gore Verbinski   主演: 约翰尼·德普 Johnny Depp / ...,
                            2003 / 美国 / 动作 冒险 奇幻
                        ",加勒比海盗,95,
,,"
                            导演: 李安 Ang Lee   主演: 希斯·莱杰 Heath Ledger / 杰克·吉伦哈尔 Jake...,
                            2005 / 美国 加拿大 / 剧情 爱情 同性 家庭
                        ",断背山,96,
,,"
                            导演: 大卫·叶茨 David Yates   主演: 丹尼尔·雷德克里夫 Daniel Radcliffe...,
                            2011 / 美国 英国 / 奇幻 冒险
                        ",哈利·波特与死亡圣器(下),97,
,,"
                            导演: 奉俊昊 Joon-ho Bong   主演: 宋康昊 Kang-ho Song / 金相庆 Sang-kyun...,
                            2003 / 韩国 / 剧情 动作 犯罪 悬疑 惊悚
                        ",杀人回忆,98,
,,"
                            导演: 托马斯·温特伯格 Thomas Vinterberg   主演: 麦斯·米科尔森 Mads Mik...,
                            2012 / 丹麦 瑞典 / 剧情
                        ",狩猎,99,
,,"
                            导演: 卢卡·瓜达尼诺 Luca Guadagnino   主演: 艾米·汉莫 Armie Hammer / ...,
                            2017 / 意大利 法国 巴西 美国 荷兰 德国 / 剧情 爱情 同性
                        ",请以你的名字呼唤我,100,
,,"
                            导演: 宫崎骏 Hayao Miyazaki   主演: 松田洋治 Yôji Matsuda / 石田百合...,
                            1997 / 日本 / 动画 奇幻 冒险
                        ",幽灵公主,101,
,,"
                            导演: 姜文 Wen Jiang   主演: 夏雨 Yu Xia / 宁静 Jing Ning / 陶虹 Hong Tao,
                            1994 / 中国大陆 中国香港 / 剧情 爱情
                        ",阳光灿烂的日子,102,
,,"
                            导演: 森淳一 Junichi Mori   主演: 桥本爱 Ai Hashimoto / 三浦贵大 Takahir...,
                            2014 / 日本 / 剧情
                        ",小森林 夏秋篇,103,
,,"
                            导演: 王家卫 Kar Wai Wong   主演: 林青霞 Brigitte Lin / 金城武 Takeshi K...,
                            1994 / 中国香港 / 剧情 爱情
                        ",重庆森林,104,
,,"
                            导演: 泷田洋二郎 Yôjirô Takita   主演: 本木雅弘 Masahiro Motoki / ...,
                            2008 / 日本 / 剧情
                        ",入殓师,105,
,,"
                            导演: M·奈特·沙马兰 M. Night Shyamalan   主演: 布鲁斯·威利斯 Bruce Wi...,
                            1999 / 美国 / 剧情 悬疑 惊悚
                        ",第六感,106,
,,"
                            导演: 李焕庆 Hwan-kyeong Lee   主演: 柳承龙 Seung-yong Ryoo / 朴信惠 Shi...,
                            2013 / 韩国 / 剧情 喜剧 家庭
                        ",7号房的礼物,107,
,,"
                            导演: 今敏 Satoshi Kon   主演: 林原惠美 Megumi Hayashibara / 江守彻 Toru...,
                            2006 / 日本 / 动画 悬疑 科幻 惊悚
                        ",红辣椒,108,
,,"
                            导演: 大卫·芬奇 David Fincher   主演: 本·阿弗莱克 Ben Affleck / 罗莎蒙...,
                            2014 / 美国 / 剧情 犯罪 悬疑 惊悚
                        ",消失的爱人,109,
,,"
                            导演: 森淳一 Junichi Mori   主演: 桥本爱 Ai Hashimoto / 三浦贵大 Takahir...,
                            2015 / 日本 / 剧情
                        ",小森林 冬春篇,110,
,,"
                            导演: 理查德·林克莱特 Richard Linklater   主演: 伊桑·霍克 Ethan Hawke ...,
                            1995 / 美国 奥地利 瑞士 / 剧情 爱情
                        ",爱在黎明破晓前,111,
,,"
                            导演: 杨德昌 Edward Yang   主演: 吴念真 / 李凯莉 Kelly Lee / 金燕玲 Elai...,
                            2000 / 中国台湾 日本 / 剧情 爱情 家庭
                        ",一一,112,
,,"
                            导演: 近藤喜文 Yoshifumi Kondo   主演: 本名阳子 Youko Honna / 小林桂树 K...,
                            1995 / 日本 / 剧情 爱情 动画
                        ",侧耳倾听,113,
,,"
                            导演: 李力持 Lik-Chi Lee   主演: 周星驰 Stephen Chow / 巩俐 Li Gong / 陈...,
                            1993 / 中国香港 / 喜剧 爱情 古装
                        ",唐伯虎点秋香,114,
,,"
                            导演: 托尼·凯耶 Tony Kaye   主演: 艾德里安·布洛迪 Adrien Brody / 马西...,
                            2011 / 美国 / 剧情
                        ",超脱,115,
,,"
                            导演: 亚当·艾略特 Adam Elliot   主演: 托妮·科莱特 Toni Collette / 菲利...,
                            2009 / 澳大利亚 / 剧情 喜剧 动画
                        ",玛丽和马克思,116,
,,"
                            导演: 程小东 Siu-Tung Ching   主演: 张国荣 Leslie Cheung / 王祖贤 Joey W...,
                            1987 / 中国香港 / 爱情 奇幻 武侠 古装
                        ",倩女幽魂,117,
,,"
                            导演: 克里斯托弗·诺兰 Christopher Nolan   主演: 克里斯蒂安·贝尔 Christ...,
                            2012 / 美国 英国 / 剧情 动作 科幻 犯罪 惊悚
                        ",蝙蝠侠：黑暗骑士崛起,118,
,,"
                            导演: 中岛哲也 Tetsuya Nakashima   主演: 松隆子 Takako Matsu / 冈田将生 ...,
                            2010 / 日本 / 剧情 惊悚
                        ",告白,119,
,,"
                            导演: 陈可辛 Peter Chan   主演: 黎明 Leon Lai / 张曼玉 Maggie Cheung / ...,
                            1996 / 中国香港 / 剧情 爱情
                        ",甜蜜蜜,120,
,,"
                            导演: 蒂姆·波顿 Tim Burton   主演: 伊万·麦克格雷格 Ewan McGregor / 阿...,
                            2003 / 美国 / 剧情 家庭 奇幻 冒险
                        ",大鱼,121,
,,"
                            导演: 姜炯哲 Hyeong-Cheol Kang   主演: 沈恩京 Eun-kyung Shim / 闵孝琳 Hy...,
                            2011 / 韩国 / 剧情 喜剧
                        ",阳光姐妹淘,122,
,,"
                            导演: 是枝裕和 Hirokazu Koreeda   主演: 柳乐优弥 Yûya Yagira / 北浦爱...,
                            2004 / 日本 / 剧情
                        ",无人知晓,123,
,,"
                            导演: 大森贵弘 Takahiro Omori   主演: 佐仓绫音 Ayane Sakura / 内山昂辉 K...,
                            2011 / 日本 / 剧情 爱情 动画 奇幻
                        ",萤火之森,124,
,,"
                            导演: 刘镇伟 Jeffrey Lau   主演: 梁朝伟 Tony Leung Chiu Wai / 林青霞 Bri...,
                            1993 / 中国香港 / 喜剧 奇幻 武侠 古装
                        ",射雕英雄传之东成西就,125,
,,"
                            导演: 迪恩·德布洛斯 Dean DeBlois / 克里斯·桑德斯 Chris Sanders   主演:...,
                            2010 / 美国 / 动画 奇幻 冒险
                        ",驯龙高手,126,
,,"
                            导演: 唐·霍尔 Don Hall / 克里斯·威廉姆斯 Chris Williams   主演: 斯科特...,
                            2014 / 美国 / 喜剧 动作 科幻 动画 冒险
                        ",超能陆战队,127,
,,"
                            导演: 米林宏昌 Hiromasa Yonebayashi   主演: 志田未来 Mirai Shida / 神木...,
                            2010 / 日本 / 动画 奇幻 冒险
                        ",借东西的小人阿莉埃蒂,128,
,,"
                            导演: 史蒂文·斯皮尔伯格 Steven Spielberg   主演: 汤姆·汉克斯 Tom Hanks...,
                            2004 / 美国 / 喜剧 剧情 爱情
                        ",幸福终点站,129,
,,"
                            导演: 北野武 Takeshi Kitano   主演: 北野武 Takeshi Kitano / 关口雄介 Yus...,
                            1999 / 日本 / 剧情 喜剧
                        ",菊次郎的夏天,130,
,,"
                            导演: 理查德·林克莱特 Richard Linklater   主演: 伊桑·霍克 Ethan Hawke ...,
                            2004 / 美国 法国 / 剧情 爱情
                        ",爱在日落黄昏时,131,
,,"
                            导演: 金秉祐 Byeong-woo Kim   主演: 河正宇 Jung-woo Ha / 李璟荣 Kyeong-y...,
                            2013 / 韩国 / 剧情 犯罪 悬疑
                        ",恐怖直播,132,
,,"
                            导演: 克林特·伊斯特伍德 Clint Eastwood   主演: 凯文·科斯特纳 Kevin Cos...,
                            1993 / 美国 / 剧情 犯罪
                        ",完美的世界,133,
,,"
                            导演: 皮艾尔·柯芬 Pierre Coffin / 克里斯·雷纳德 Chris Renaud   主演: ...,
                            2010 / 美国 法国 / 喜剧 动画 冒险
                        ",神偷奶爸,134,
,,"
                            导演: 彼特·道格特 Pete Docter / 大卫·斯沃曼 David Silverman   主演: 约...,
                            2001 / 美国 / 儿童 喜剧 动画 奇幻 冒险
                        ",怪兽电力公司,135,
,,"
                            导演: 周星驰 Stephen Chow   主演: 周星驰 Stephen Chow / 元秋 Qiu Yuen / ...,
                            2004 / 中国大陆 中国香港 / 动作 喜剧 犯罪 奇幻
                        ",功夫,136,
,,"
                            导演: 伏原健之 Kenshi Fushihara   主演: 津端修一 Shûichi Tsubata / 津...,
                            2017 / 日本 / 纪录片
                        ",人生果实,137,
,,"
                            导演: 李·昂克里奇 Lee Unkrich   主演: 汤姆·汉克斯 Tom Hanks / 蒂姆·艾...,
                            2010 / 美国 / 喜剧 动画 奇幻 冒险
                        ",玩具总动员3,138,
,,"
                            导演: 乔·怀特 Joe Wright   主演: 凯拉·奈特莉 Keira Knightley / 马修·...,
                            2005 / 法国 英国 美国 / 剧情 爱情
                        ",傲慢与偏见,139,
,,"
                            导演: 梅尔·吉布森 Mel Gibson   主演: 安德鲁·加菲尔德 Andrew Garfield /...,
                            2016 / 美国 澳大利亚 / 剧情 传记 历史 战争
                        ",血战钢锯岭,140,
,,"
                            导演: 宫崎骏 Hayao Miyazaki   主演: 岛本须美 Sumi Shimamoto / 松田洋治 Y...,
                            1984 / 日本 / 动画 奇幻 冒险
                        ",风之谷,141,
,,"
                            导演: 王树忱 Shuchen Wang / 钱运达 Yunda Qian   主演: 丁建华 Jianhua Din...,
                            1983(中国大陆) / 中国大陆 / 动画 奇幻
                        ",天书奇谭,142,
,,"
                            导演: 理查德·柯蒂斯 Richard Curtis   主演: 多姆纳尔·格里森 Domhnall Gl...,
                            2013 / 英国 / 喜剧 爱情 奇幻
                        ",时空恋旅人,143,
,,"
                            导演: 弗朗西斯·福特·科波拉 Francis Ford Coppola   主演: 阿尔·帕西诺 A...,
                            1990 / 美国 / 剧情 犯罪
                        ",教父3,144,
,,"
                            导演: 费尔南多·梅里尔斯 Fernando Meirelles / 卡迪亚·兰德 Kátia Lund  &nbsp...,
                            2002 / 巴西 法国 / 犯罪 剧情
                        ",上帝之城,145,
,,"
                            导演: 詹姆斯·温 James Wan   主演: 雷·沃纳尔 Leigh Whannell / 加利·艾...,
                            2004 / 美国 / 悬疑 惊悚 恐怖
                        ",电锯惊魂,146,
,,"
                            导演: 李安 Ang Lee   主演: 赵文瑄 Winston Chao / 郎雄 Sihung Lung / 归亚...,
                            1993 / 中国台湾 美国 / 剧情 喜剧 爱情 同性 家庭
                        ",喜宴,147,
,,"
                            导演: 昆汀·塔伦蒂诺 Quentin Tarantino   主演: 杰米·福克斯 Jamie Foxx /...,
                            2012 / 美国 / 剧情 动作 西部 冒险
                        ",被解救的姜戈,148,
,,"
                            导演: 吴宇森 John Woo   主演: 周润发 Yun-Fat Chow / 狄龙 Lung Ti / 张国...,
                            1986 / 中国香港 / 剧情 动作 犯罪
                        ",英雄本色,149,
,,"
                            导演: 严定宪 Dingxian Yan / 王树忱 Shuchen Wang   主演: 梁正晖 Zhenghui ...,
                            1979 / 中国大陆 / 冒险 动画 奇幻
                        ",哪吒闹海,150,
,,"
                            导演: 黑泽明 Akira Kurosawa   主演: 三船敏郎 Toshirô Mifune / 志村乔 ...,
                            1954 / 日本 / 动作 冒险 剧情
                        ",七武士,151,
,,"
                            导演: 保罗·格林格拉斯 Paul Greengrass   主演: 马特·达蒙 Matt Damon / ...,
                            2007 / 美国 德国 / 动作 悬疑 惊悚
                        ",谍影重重3,152,
,,"
                            导演: 罗启锐 Alex Law   主演: 吴君如 Sandra Ng / 任达华 Simon Yam / 钟绍...,
                            2010 / 中国香港 中国大陆 / 剧情 家庭
                        ",岁月神偷,153,
,,"
                            导演: 杰茜·尼尔森 Jessie Nelson   主演: Sean Penn / Dakota Fanning / Mi...,
                            2001 / 美国 / 剧情 家庭
                        ",我是山姆,154,
,,"
                            导演: 延尚昊 Sang-ho Yeon   主演: 孔侑 Yoo Gong / 郑有美 Yu-mi Jung / 马...,
                            2016 / 韩国 / 动作 惊悚 灾难
                        ",釜山行,155,
,,"
                            导演: 史蒂文·斯皮尔伯格 Steven Spielberg   主演: 泰伊·谢里丹 Tye Sheri...,
                            2018 / 美国 / 动作 科幻 冒险
                        ",头号玩家,156,
,,"
                            导演: 吴宇森 John Woo   主演: 周润发 Yun-Fat Chow / 张国荣 Leslie Cheung...,
                            1991 / 中国香港 / 剧情 喜剧 动作 犯罪
                        ",纵横四海,157,
,,"
                            导演: 科克·德·米科 Kirk De Micco / 克里斯·桑德斯 Chris Sanders   主演...,
                            2013 / 美国 / 喜剧 动画 冒险
                        ",疯狂原始人,158,
,,"
                            导演: 马丁·麦克唐纳 Martin McDonagh   主演: 弗兰西斯·麦克多蒙德 France...,
                            2017 / 美国 英国 / 剧情 犯罪
                        ",三块广告牌,159,
,,"
                            导演: Alfonso Cuarón   主演: 丹尼尔·雷德克里夫 Daniel Radcliffe / Emma...,
                            2004 / 英国 美国 / 奇幻 冒险
                        ",哈利·波特与阿兹卡班的囚徒,160,
,,"
                            导演: 忻钰坤 Yukun Xin   主演: 霍卫民 Weimin Huo / 王笑天 Xiaotian Wang ...,
                            2014 / 中国大陆 / 剧情 犯罪 悬疑
                        ",心迷宫,161,
,,"
                            导演: 让-马克·瓦雷 Jean-Marc Vallée   主演: 马修·麦康纳 Matthew McCon...,
                            2013 / 美国 / 剧情 传记 同性
                        ",达拉斯买家俱乐部,162,
,,"
                            导演: 高畑勋 Isao Takahata   主演: 辰己努 / 白石绫乃 / 志乃原良子,
                            1988 / 日本 / 动画 剧情 战争
                        ",萤火虫之墓,163,
,,"
                            导演: 达米安·斯兹弗隆 Damián Szifron   主演: 达里奥·葛兰帝内提 Darío...,
                            2014 / 阿根廷 西班牙 / 剧情 喜剧 犯罪
                        ",荒蛮故事,164,
,,"
                            导演: 特瑞·乔治 Terry George   主演: 唐·钱德尔 Don Cheadle / 苏菲·奥...,
                            2004 / 英国 南非 意大利 / 剧情 历史 战争
                        ",卢旺达饭店,165,
,,"
                            导演: 理查德·柯蒂斯 Richard Curtis   主演: 休·格兰特 Hugh Grant / 柯林...,
                            2003 / 英国 美国 法国 / 喜剧 剧情 爱情
                        ",真爱至上,166,
,,"
                            导演: 丹尼·鲍尔 Danny Boyle / 洛芙琳·坦丹 Loveleen Tandan   主演: 戴夫...,
                            2008 / 英国 法国 美国 印度 / 剧情 爱情
                        ",贫民窟的百万富翁,167,
,,"
                            导演: 王家卫 Kar Wai Wong   主演: 张国荣 Leslie Cheung / 林青霞 Brigitte...,
                            1994 / 中国香港 中国台湾 / 剧情 动作 爱情 武侠 古装
                        ",东邪西毒,168,
,,"
                            导演: 新海诚 Makoto Shinkai   主演: 神木隆之介 Ryûnosuke Kamiki / 上...,
                            2016 / 日本 / 剧情 爱情 动画
                        ",你的名字。,169,
,,"
                            导演: 克里斯托弗·诺兰 Christopher Nolan   主演: 盖·皮尔斯 Guy Pearce /...,
                            2000 / 美国 / 犯罪 剧情 悬疑 惊悚
                        ",记忆碎片,170,
,,"
                            导演: 王家卫 Kar Wai Wong   主演: 梁朝伟 Tony Leung Chiu Wai / 张曼玉 Ma...,
                            2000 / 中国香港 / 剧情 爱情
                        ",花样年华,171,
,,"
                            导演: 达米恩·查泽雷 Damien Chazelle   主演: 迈尔斯·特勒 Miles Teller /...,
                            2014 / 美国 / 剧情 音乐
                        ",爆裂鼓手,172,
,,"
                            导演: 汉内斯·赫尔姆 Hannes Holm   主演: 罗夫·拉斯加德 Rolf Lassgård...,
                            2015 / 瑞典 / 剧情
                        ",一个叫欧维的男人决定去死,173,
,,"
                            导演: 达伦·阿罗诺夫斯基 Darren Aronofsky   主演: 娜塔莉·波特曼 Natalie...,
                            2010 / 美国 / 剧情 惊悚
                        ",黑天鹅,174,
,,"
                            导演: Seijirô Kôyama   主演: 山本圭 Kei Yamamoto / 井川比佐志 Hisa...,
                            1987 / 日本 / 剧情
                        ",忠犬八公物语,175,
,,"
                            导演: Andy Wachowski / Larry Wachowski   主演: 基努·里维斯 Keanu Reeves...,
                            2003 / 美国 澳大利亚 / 动作 科幻
                        ",黑客帝国3：矩阵革命,176,
,,"
                            导演: Chris Columbus   主演: 丹尼尔·雷德克里夫 Daniel Radcliffe / 艾玛...,
                            2002 / 美国 英国 德国 / 奇幻 冒险
                        ",哈利·波特与密室,177,
,,"
                            导演: 莫滕·泰杜姆 Morten Tyldum   主演: 本尼迪克特·康伯巴奇 Benedict C...,
                            2014 / 英国 美国 / 剧情 传记 战争 同性
                        ",模仿游戏,178,
,,"
                            导演: 彼特·道格特 Pete Docter / 罗纳尔多·德尔·卡门 Ronaldo Del Carmen  &nb...,
                            2015 / 美国 / 喜剧 动画 冒险
                        ",头脑特工队,179,
,,"
                            导演: 今敏 Satoshi Kon   主演: 岩男润子 Junko Iwao / 松本梨香 Rica Matsu...,
                            1997 / 日本 / 动画 奇幻 惊悚
                        ",未麻的部屋,180,
,,"
                            导演: 藤森雅也 Masaya Fujimori   主演: 山口胜平 Kappei Yamaguchi / 爱河...,
                            2010 / 日本 / 剧情 动画 儿童
                        ",你看起来好像很好吃,181,
,,"
                            导演: 朴勋政 Hoon-jung Park   主演: 李政宰 Jung-Jae Lee / 崔岷植 Min-sik...,
                            2013 / 韩国 / 剧情 犯罪
                        ",新世界,182,
,,"
                            导演: 巴瑞·莱文森 Barry Levinson   主演: 达斯汀·霍夫曼 Dustin Hoffman ...,
                            1988 / 美国 / 剧情
                        ",雨人,183,
,,"
                            导演: 瑞奇·莫尔 Rich Moore   主演: 约翰·C·赖利 John C. Reilly / 萨拉...,
                            2012 / 美国 / 喜剧 动画 奇幻 冒险
                        ",无敌破坏王,184,
,,"
                            导演: 是枝裕和 Hirokazu Koreeda   主演: 绫濑遥 Haruka Ayase / 长泽雅美 M...,
                            2015 / 日本 / 剧情 家庭
                        ",海街日记,185,
,,"
                            导演: 卡洛斯·沙尔丹哈 Carlos Saldanha / 克里斯·韦奇 Chris Wedge   主演...,
                            2002 / 美国 / 喜剧 动画 冒险
                        ",冰川时代,186,
,,"
                            导演: 尼克·卡索维茨 Nick Cassavetes   主演: 瑞恩·高斯林 Ryan Gosling /...,
                            2004 / 美国 / 剧情 爱情
                        ",恋恋笔记本,187,
,,"
                            导演: 阿尔弗雷德·希区柯克 Alfred Hitchcock   主演: 安东尼·博金斯 Antho...,
                            1960 / 美国 / 悬疑 惊悚 恐怖
                        ",惊魂记,188,
,,"
                            导演: 肯尼斯·罗纳根 Kenneth Lonergan   主演: 卡西·阿弗莱克 Casey Affle...,
                            2016 / 美国 / 剧情 家庭
                        ",海边的曼彻斯特,189,
,,"
                            导演: 郭柯 Ke Guo   主演: ,
                            2015 / 中国大陆 / 纪录片
                        ",二十二,190,
,,"
                            导演: 伦尼·阿伯拉罕森 Lenny Abrahamson   主演: 布丽·拉尔森 Brie Larson...,
                            2015 / 爱尔兰 加拿大 英国 美国 / 剧情 家庭
                        ",房间,191,
,,"
                            导演: 克里斯托弗·史密斯 Christopher Smith   主演: 梅利莎·乔治 Melissa ...,
                            2009 / 英国 澳大利亚 / 剧情 悬疑 惊悚
                        ",恐怖游轮,192,
,,"
                            导演: 杰拉尔·乌里 Gérard Oury   主演: 路易·德·菲耐斯 Louis de Funès...,
                            1966 / 法国 英国 / 喜剧 战争
                        ",虎口脱险,193,
,,"
                            导演: 宫崎骏 Hayao Miyazaki   主演: 高山南 Minami Takayama / 佐久间玲 Re...,
                            1989 / 日本 / 动画 奇幻 冒险
                        ",魔女宅急便,194,
,,"
                            导演: 斯蒂芬·卓博斯基 Stephen Chbosky   主演: 雅各布·特伦布莱 Jacob Tr...,
                            2017 / 美国 中国香港 / 剧情 儿童 家庭
                        ",奇迹男孩,195,
,,"
                            导演: 宁浩 Hao Ning   主演: 郭涛 Tao Guo / 刘桦 Hua Liu / 连晋 Teddy Lin,
                            2006 / 中国大陆 中国香港 / 喜剧 犯罪
                        ",疯狂的石头,196,
,,"
                            导演: 斯坦利·多南 Stanley Donen / 吉恩·凯利 Gene Kelly   主演: 吉恩·...,
                            1952 / 美国 / 喜剧 歌舞 爱情
                        ",雨中曲,197,
,,"
                            导演: 史蒂文·斯皮尔伯格 Steven Spielberg   主演: 海利·乔·奥斯蒙 Haley...,
                            2001 / 美国 / 剧情 科幻
                        ",人工智能,198,
,,"
                            导演: 是枝裕和 Hirokazu Koreeda   主演: 中川雅也 Lily Franky / 安藤樱 Sa...,
                            2018 / 日本 / 剧情 犯罪 家庭
                        ",小偷家族,199,
,,"
                            导演: Frank Darabont   主演: 汤姆·汉克斯 Tom Hanks / 大卫·摩斯 David M...,
                            1999 / 美国 / 犯罪 剧情 奇幻 悬疑
                        ",绿里奇迹,200,
,,"
                            导演: 理查德·林克莱特 Richard Linklater   主演: 伊桑·霍克 Ethan Hawke ...,
                            2013 / 美国 希腊 / 剧情 爱情
                        ",爱在午夜降临前,201,
,,"
                            导演: 黑泽明 Akira Kurosawa   主演: 三船敏郎 Toshirô Mifune / 京町子 ...,
                            1950 / 日本 / 剧情 犯罪 悬疑
                        ",罗生门,202,
,,"
                            导演: 詹姆斯·卡梅隆 James Cameron   主演: 阿诺·施瓦辛格 Arnold Schwarz...,
                            1991 / 美国 法国 / 动作 科幻
                        ",终结者2：审判日,203,
,,"
                            导演: 普特鹏·普罗萨卡·那·萨克那卡林 Puttipong Promsaka Na Sakolnakorn / 华森·波克彭...,
                            2010 / 泰国 / 剧情 喜剧 爱情
                        ",初恋这件小事,204,
,,"
                            导演: 雅克·贝汉 Jacques Perrin / 雅克·克鲁奥德 Jacques Cluzaud   主演:...,
                            2009 / 法国 瑞士 西班牙 美国 阿联酋 / 纪录片
                        ",海洋,205,
,,"
                            导演: 茂文·勒鲁瓦 Mervyn LeRoy   主演: 费雯·丽 Vivien Leigh / 罗伯特·...,
                            1940 / 美国 / 剧情 爱情 战争
                        ",魂断蓝桥,206,
,,"
                            导演: 陆川 Chuan Lu   主演: 多布杰 Duobujie / 张磊 Lei Zhang / 亓亮 Qi L...,
                            2004 / 中国大陆 中国香港 / 剧情 犯罪
                        ",可可西里,207,
,,"
                            导演: 斯坦利·库布里克 Stanley Kubrick   主演: 凯尔·杜拉 Keir Dullea / ...,
                            1968 / 英国 美国 / 科幻 惊悚 冒险
                        ",2001太空漫游,208,
,,"
                            导演: 爱德华·兹威克 Edward Zwick   主演: 布拉德·皮特 Brad Pitt / 安东...,
                            1994 / 美国 / 剧情 爱情 战争 西部
                        ",燃情岁月,209,
,,"
                            导演: 细田守 Mamoru Hosoda   主演: 仲里依纱 Riisa Naka / 石田卓也 Takuya...,
                            2006 / 日本 / 剧情 爱情 科幻 动画
                        ",穿越时空的少女,210,
,,"
                            导演: Charles Chaplin   主演: 查理·卓别林 Charles Chaplin / 弗吉尼亚·...,
                            1931 / 美国 / 喜剧 剧情 爱情
                        ",城市之光,211,
,,"
                            导演: 杨德昌 Edward Yang   主演: 张震 Chen Chang / 杨静怡 Lisa Yang / 张...,
                            1991 / 中国台湾 / 剧情 犯罪
                        ",牯岭街少年杀人事件,212,
,,"
                            导演: 李惠民 Raymond Lee   主演: 张曼玉 Maggie Cheung / 林青霞 Brigitte ...,
                            1992 / 中国香港 中国大陆 / 动作 爱情 武侠 古装
                        ",新龙门客栈,213,
,,"
                            导演: Quentin Tarantino   主演: 布拉德·皮特 Brad Pitt / 梅拉尼·罗兰 M...,
                            2009 / 德国 美国 / 剧情 犯罪
                        ",无耻混蛋,214,
,,"
                            导演: 保罗·格诺维瑟 Paolo Genovese   主演: 马可·贾利尼 Marco Giallini ...,
                            2016 / 意大利 / 剧情 喜剧
                        ",完美陌生人,215,
,,"
                            导演: 邓肯·琼斯 Duncan Jones   主演: 杰克·吉伦哈尔 Jake Gyllenhaal / ...,
                            2011 / 美国 加拿大 / 科幻 悬疑 惊悚
                        ",源代码,216,
,,"
                            导演: 李安 Ang Lee   主演: 梁朝伟 Tony Leung Chiu Wai / 汤唯 Wei Tang / ...,
                            2007 / 中国台湾 中国大陆 美国 中国香港 / 剧情 爱情 情色
                        ",色，戒,217,
,,"
                            导演: 徐克 Hark Tsui   主演: 张曼玉 Maggie Cheung / 王祖贤 Joey Wang / ...,
                            1993 / 中国香港 中国大陆 / 剧情 爱情 奇幻 古装
                        ",青蛇,218,
,,"
                            导演: 王家卫 Kar Wai Wong   主演: 张国荣 Leslie Cheung / 张曼玉 Maggie C...,
                            1990 / 中国香港 / 犯罪 剧情 爱情
                        ",阿飞正传,219,
,,"
                            导演: 罗伯·莱纳 Rob Reiner   主演: 杰克·尼科尔森 Jack Nicholson / 摩根...,
                            2007 / 美国 / 冒险 喜剧 剧情
                        ",遗愿清单,220,
,,"
                            导演: 汤姆·提克威 Tom Tykwer   主演: 本·卫肖 Ben Whishaw / 艾伦·瑞克...,
                            2006 / 德国 法国 西班牙 美国 / 剧情 犯罪 奇幻
                        ",香水,221,
,,"
                            导演: 保罗·格林格拉斯 Paul Greengrass   主演: 马特·达蒙 Matt Damon / ...,
                            2004 / 美国 德国 / 动作 悬疑 惊悚
                        ",谍影重重2,222,
,,"
                            导演: 爱德华·兹威克 Edward Zwick   主演: 莱昂纳多·迪卡普里奥 Leonardo ...,
                            2006 / 美国 德国 / 剧情 惊悚 冒险
                        ",血钻,223,
,,"
                            导演: 阿米尔·汗 Aamir Khan   主演: 达席尔·萨法瑞 Darsheel Safary / 阿...,
                            2007 / 印度 / 剧情 儿童 家庭
                        ",地球上的星星,224,
,,"
                            导演: 黄信尧 Hsin-yao Huang   主演: 庄益增 Yizeng Zhuang / 陈竹昇 Chu-sh...,
                            2017 / 中国台湾 / 剧情 喜剧
                        ",大佛普拉斯,225,
,,"
                            导演: 安德鲁·尼科尔 Andrew Niccol   主演: 尼古拉斯·凯奇 Nicolas Cage /...,
                            2005 / 美国 法国 / 剧情 犯罪
                        ",战争之王,226,
,,"
                            导演: 道格·里曼 Doug Liman   主演: 马特·达蒙 Matt Damon / 弗兰卡·波坦...,
                            2002 / 美国 德国 捷克 / 动作 悬疑 惊悚
                        ",谍影重重,227,
,,"
                            导演: 乔治·米勒 George Miller   主演: 汤姆·哈迪 Tom Hardy / 查理兹·塞...,
                            2015 / 澳大利亚 美国 / 动作 科幻 冒险
                        ",疯狂的麦克斯4：狂暴之路,228,
,,"
                            导演: 是枝裕和 Hirokazu Koreeda   主演: 阿部宽 Hiroshi Abe / 夏川结衣 Yu...,
                            2008 / 日本 / 剧情 家庭
                        ",步履不停,229,
,,"
                            导演: 詹姆斯·沃德·布柯特 James Ward Byrkit   主演: 艾米丽·芭尔多尼 Em...,
                            2013 / 美国 英国 / 科幻 悬疑 惊悚
                        ",彗星来的那一夜,230,
,,"
                            导演: 丹尼·博伊尔 Danny Boyle   主演: 伊万·麦克格雷格 Ewan McGregor / ...,
                            1996 / 英国 / 剧情 犯罪
                        ",猜火车,231,
,,"
                            导演: 王晶 Jing Wong   主演: 周星驰 Stephen Chow / 吴孟达 Man Tat Ng / ...,
                            1994 / 中国香港 / 剧情 喜剧 古装
                        ",九品芝麻官,232,
,,"
                            导演: 史蒂芬·戴德利 Stephen Daldry   主演: 凯特·温丝莱特 Kate Winslet ...,
                            2008 / 美国 德国 / 剧情 爱情
                        ",朗读者,233,
,,"
                            导演: 丹尼斯·甘塞尔 Dennis Gansel   主演: 尤尔根·沃格尔 Jürgen Vogel ...,
                            2008 / 德国 / 剧情 惊悚
                        ",浪潮,234,
,,"
                            导演: Mike Newell   主演: Daniel Radcliffe / Emma Watson / Rupert Grint,
                            2005 / 英国 美国 / 奇幻 冒险
                        ",哈利·波特与火焰杯,235,
,,"
                            导演: 卡比尔·汗 Kabir Khan   主演: 萨尔曼·汗 Salman Khan / 哈莎莉·马...,
                            2015 / 印度 / 剧情 喜剧 动作
                        ",小萝莉的猴神大叔,236,
,,"
                            导演: 约翰·卡尼 John Carney   主演: 凯拉·奈特莉 Keira Knightley / 马克...,
                            2013 / 美国 / 喜剧 爱情 音乐
                        ",再次出发之纽约遇见你,237,
,,"
                            导演: 小津安二郎 Yasujirô Ozu   主演: 笠智众 Chishû Ryû / 原节...,
                            1953 / 日本 / 剧情 家庭
                        ",东京物语,238,
,,"
                            导演: 托马斯·麦卡锡 Thomas McCarthy   主演: 马克·鲁弗洛 Mark Ruffalo /...,
                            2015 / 美国 / 剧情 传记
                        ",聚焦,239,
,,"
                            导演: 周申 Shen Zhou / 刘露 Lu Liu   主演: 任素汐 Suxi Ren / 大力 Da Li ...,
                            2016 / 中国大陆 / 剧情 喜剧
                        ",驴得水,240,
,,"
                            导演: 克里斯托弗·诺兰 Christopher Nolan   主演: 杰里米·西奥伯德 Jeremy...,
                            1998 / 英国 / 犯罪 悬疑 惊悚
                        ",追随,241,
,,"
                            导演: 安德鲁·尼科尔 Andrew Niccol   主演: 伊桑·霍克 Ethan Hawke / 乌玛...,
                            1997 / 美国 / 剧情 科幻 惊悚
                        ",千钧一发,242,
,,"
                            导演: 布莱恩·辛格 Bryan Singer   主演: 拉米·马雷克 Rami Malek / 本·哈...,
                            2018 / 英国 美国 / 剧情 传记 同性 音乐
                        ",波西米亚狂想曲,243,
,,"
                            导演: 阿斯哈·法哈蒂  Asghar Farhadi   主演: 佩曼·莫阿迪 Peyman Moadi /...,
                            2011 / 伊朗 法国 / 剧情 家庭
                        ",一次别离,244,
,,"
                            导演: 秋昌民 Chang-min Choo   主演: 宋在河 Jae-ho Song / 李顺载 Soon-jae...,
                            2011 / 韩国 / 剧情 爱情
                        ",我爱你,245,
,,"
                            导演: 雷德利·斯科特 Ridley Scott   主演: 乔什·哈奈特 Josh Hartnett / ...,
                            2001 / 美国 / 动作 历史 战争
                        ",黑鹰坠落,246,
,,"
                            导演: 阿尼什·查甘蒂 Aneesh Chaganty   主演: 约翰·赵 John Cho / 米切尔...,
                            2018 / 美国 俄罗斯 / 剧情 犯罪 悬疑 惊悚
                        ",网络谜踪,247,
,,"
                            导演: 陆庆屹 Lu Qing Yi   主演: 陆运坤 Yunkun Lu / 李桂贤 Guixian Li / ...,
                            2017 / 中国大陆 / 纪录片 家庭
                        ",四个春天,248,
,,"
                            导演: Stanley Kubrick   主演: Malcolm McDowell / Patrick Magee / Michael...,
                            1971 / 英国 美国 / 犯罪 剧情 科幻
                        ",发条橙,249,
,,"
                            导演: Andy Wachowski / Larry Wachowski   主演: 基努·里维斯 Keanu Reeves...,
                            2003 / 美国 澳大利亚 / 动作 科幻
                        ",黑客帝国2：重装上阵,250,
describe,evalute,introduce,movie_name,serial_number,star
,,1994/美国/犯罪剧情,肖申克的救赎,1,
,,1993/中国大陆中国香港/剧情爱情同性,霸王别姬,2,
,,1994/美国/剧情爱情,阿甘正传,3,
,,1994/法国美国/剧情动作犯罪,这个杀手不太冷,4,
,,1997/意大利/剧情喜剧爱情战争,美丽人生,5,
,,1997/美国/剧情爱情灾难,泰坦尼克号,6,
,,2001/日本/剧情动画奇幻,千与千寻,7,
,,1993/美国/剧情历史战争,辛德勒的名单,8,
,,2010/美国英国/剧情科幻悬疑冒险,盗梦空间,9,
,,2009/美国英国/剧情,忠犬八公的故事,10,
,,1998/意大利/剧情音乐,海上钢琴师,11,
,,1998/美国/剧情科幻,楚门的世界,12,
,,2009/印度/剧情喜剧爱情歌舞,三傻大闹宝莱坞,13,
,,2008/美国/科幻动画冒险,机器人总动员,14,
,,2004/法国瑞士德国/剧情音乐,放牛班的春天,15,
,,2014/美国英国加拿大冰岛/剧情科幻冒险,星际穿越,16,
,,1995/中国香港中国大陆/喜剧爱情奇幻古装,大话西游之大圣娶亲,17,
,,2011/韩国/剧情,熔炉,18,
,,2016/美国/喜剧动画冒险,疯狂动物城,19,
,,2002/中国香港/剧情犯罪悬疑,无间道,20,
,,1988/日本/动画奇幻冒险,龙猫,21,
,,1972/美国/剧情犯罪,教父,22,
,,2006/美国/剧情传记家庭,当幸福来敲门,23,
,,2010/美国/剧情喜剧爱情,怦然心动,24,
,,2011/法国/剧情喜剧,触不可及,25,
,,1957/美国/剧情犯罪悬疑,控方证人,26,
,,2008/美国英国/剧情动作科幻犯罪惊悚,蝙蝠侠：黑暗骑士,27,
,,1994/中国大陆中国香港/剧情历史家庭,活着,28,
,,2017/美国/喜剧动画奇幻音乐,寻梦环游记,29,
,,1939/美国/剧情历史爱情战争,乱世佳人,30,
,,1987/英国意大利中国大陆法国/剧情传记历史,末代皇帝,31,
,,2016/印度/剧情传记运动家庭,摔跤吧！爸爸,32,
,,2003/美国新西兰/剧情动作奇幻冒险,指环王3：王者无敌,33,
,,2018/黎巴嫩法国美国/剧情,何以为家,34,
,,2012/美国中国台湾英国加拿大/剧情奇幻冒险,少年派的奇幻漂流,35,
,,2009/美国/剧情喜剧动画冒险,飞屋环游记,36,
,,1957/美国/剧情,十二怒汉,37,
,,2000/中国大陆/剧情喜剧,鬼子来了,38,
,,2013/韩国/剧情,素媛,39,
,,1986/日本/动画奇幻冒险,天空之城,40,
,,2004/日本/动画奇幻冒险,哈尔的移动城堡,41,
,,1995/中国香港中国大陆/喜剧爱情奇幻古装,大话西游之月光宝盒,42,
,,1988/意大利法国/剧情爱情,天堂电影院,43,
,,1953/美国/喜剧剧情爱情,罗马假日,44,
,,1992/美国/剧情,闻香识女人,45,
,,2001/美国英国/奇幻冒险,哈利·波特与魔法石,46,
,,2013/韩国/剧情,辩护人,47,
,,2018/中国大陆/剧情喜剧,我不是药神,48,
,,1999/美国德国/剧情动作悬疑惊悚,搏击俱乐部,49,
,,1989/美国/剧情,死亡诗社,50,
,,1974/美国/剧情犯罪,教父2,51,
,,1994/美国/动画冒险歌舞,狮子王,52,
,,2002/美国新西兰/剧情动作奇幻冒险,指环王2：双塔奇兵,53,
,,1961(中国大陆)/1964(中国大陆)/1978(中国大陆)/2004(中国大陆)/中国大陆/动画奇幻,大闹天宫,54,
,,2006/德国/剧情悬疑,窃听风暴,55,
,,2002/美国加拿大/传记犯罪剧情,猫鼠游戏,56,
,,2001/新西兰美国/剧情动作奇幻冒险,指环王1：魔戒再现,57,
,,1998/英国/剧情喜剧犯罪,两杆大烟枪,58,
,,2002/法国德国英国波兰/剧情传记历史战争音乐,钢琴家,59,
,,2001/美国/传记剧情,美丽心灵,60,
,,1994/中国台湾美国/剧情家庭,饮食男女,61,
,,1999/美国澳大利亚/动作科幻,黑客帝国,62,
,,1975/美国/剧情,飞越疯人院,63,
,,2008/美国/剧情爱情奇幻,本杰明·巴顿奇事,64,
,,2005/美国英国德国/剧情动作科幻惊悚,V字仇杀队,65,
,,2010/中国大陆中国香港/剧情喜剧动作西部,让子弹飞,66,
,,2016/西班牙/剧情犯罪悬疑惊悚,看不见的客人,67,
,,2000/意大利美国/剧情战争情色,西西里的美丽传说,68,
,,1997/伊朗/剧情儿童家庭,小鞋子,69,
,,1998/美国/剧情历史战争,拯救大兵瑞恩,70,
,,2018/美国/剧情喜剧传记,绿皮书,71,
,,2009/美国/纪录片,海豚湾,72,
,,1995/日本/剧情爱情,情书,73,
,,2008/英国美国/剧情战争,穿条纹睡衣的男孩,74,
,,2015/德国瑞士南非/剧情冒险家庭,海蒂和爷爷,75,
,,1965/美国/剧情传记爱情歌舞,音乐之声,76,
,,1984/美国意大利/犯罪剧情,美国往事,77,
,,2006/英国美国/剧情悬疑惊悚,致命魔术,78,
,,1994/美国/剧情喜剧犯罪,低俗小说,79,
,,1995/美国/剧情犯罪悬疑惊悚,七宗罪,80,
,,1991/美国/剧情犯罪惊悚,沉默的羔羊,81,
,,2004/美国加拿大/剧情悬疑科幻惊悚,蝴蝶效应,82,
,,2010/美国/剧情悬疑惊悚,禁闭岛,83,
,,1997/中国香港日本韩国/剧情爱情同性,春光乍泄,84,
,,1997/美国/剧情,心灵捕手,85,
,,2014/美国德国英国/剧情喜剧冒险,布达佩斯大饭店,86,
,,2006/日本/剧情歌舞,被嫌弃的松子的一生,87,
,,2009/美国英国/动作科幻冒险,阿凡达,88,
,,1936/美国/剧情喜剧爱情,摩登时代,89,
,,1990/美国/剧情奇幻爱情,剪刀手爱德华,90,
,,1995/美国/动作传记剧情历史战争,勇敢的心,91,
,,2001/法国德国/喜剧爱情,天使爱美丽,92,
,,1999/中国香港/喜剧剧情爱情,喜剧之王,93,
,,2003/美国/剧情悬疑惊悚,致命ID,94,
,,2003/美国/动作冒险奇幻,加勒比海盗,95,
,,2005/美国加拿大/剧情爱情同性家庭,断背山,96,
,,2011/美国英国/奇幻冒险,哈利·波特与死亡圣器(下),97,
,,2003/韩国/剧情动作犯罪悬疑惊悚,杀人回忆,98,
,,2012/丹麦瑞典/剧情,狩猎,99,
,,2017/意大利法国巴西美国荷兰德国/剧情爱情同性,请以你的名字呼唤我,100,
,,1997/日本/动画奇幻冒险,幽灵公主,101,
,,1994/中国大陆中国香港/剧情爱情,阳光灿烂的日子,102,
,,2014/日本/剧情,小森林 夏秋篇,103,
,,1994/中国香港/剧情爱情,重庆森林,104,
,,2008/日本/剧情,入殓师,105,
,,1999/美国/剧情悬疑惊悚,第六感,106,
,,2013/韩国/剧情喜剧家庭,7号房的礼物,107,
,,2006/日本/动画悬疑科幻惊悚,红辣椒,108,
,,2014/美国/剧情犯罪悬疑惊悚,消失的爱人,109,
,,2015/日本/剧情,小森林 冬春篇,110,
,,1995/美国奥地利瑞士/剧情爱情,爱在黎明破晓前,111,
,,2000/中国台湾日本/剧情爱情家庭,一一,112,
,,1995/日本/剧情爱情动画,侧耳倾听,113,
,,1993/中国香港/喜剧爱情古装,唐伯虎点秋香,114,
,,2011/美国/剧情,超脱,115,
,,2009/澳大利亚/剧情喜剧动画,玛丽和马克思,116,
,,1987/中国香港/爱情奇幻武侠古装,倩女幽魂,117,
,,2012/美国英国/剧情动作科幻犯罪惊悚,蝙蝠侠：黑暗骑士崛起,118,
,,2010/日本/剧情惊悚,告白,119,
,,1996/中国香港/剧情爱情,甜蜜蜜,120,
,,2003/美国/剧情家庭奇幻冒险,大鱼,121,
,,2011/韩国/剧情喜剧,阳光姐妹淘,122,
,,2004/日本/剧情,无人知晓,123,
,,2011/日本/剧情爱情动画奇幻,萤火之森,124,
,,1993/中国香港/喜剧奇幻武侠古装,射雕英雄传之东成西就,125,
,,2010/美国/动画奇幻冒险,驯龙高手,126,
,,2014/美国/喜剧动作科幻动画冒险,超能陆战队,127,
,,2010/日本/动画奇幻冒险,借东西的小人阿莉埃蒂,128,
,,2004/美国/喜剧剧情爱情,幸福终点站,129,
,,1999/日本/剧情喜剧,菊次郎的夏天,130,
,,2004/美国法国/剧情爱情,爱在日落黄昏时,131,
,,2013/韩国/剧情犯罪悬疑,恐怖直播,132,
,,1993/美国/剧情犯罪,完美的世界,133,
,,2010/美国法国/喜剧动画冒险,神偷奶爸,134,
,,2001/美国/儿童喜剧动画奇幻冒险,怪兽电力公司,135,
,,2004/中国大陆中国香港/动作喜剧犯罪奇幻,功夫,136,
,,2017/日本/纪录片,人生果实,137,
,,2010/美国/喜剧动画奇幻冒险,玩具总动员3,138,
,,2005/法国英国美国/剧情爱情,傲慢与偏见,139,
,,2016/美国澳大利亚/剧情传记历史战争,血战钢锯岭,140,
,,1984/日本/动画奇幻冒险,风之谷,141,
,,1983(中国大陆)/中国大陆/动画奇幻,天书奇谭,142,
,,2013/英国/喜剧爱情奇幻,时空恋旅人,143,
,,1990/美国/剧情犯罪,教父3,144,
,,2002/巴西法国/犯罪剧情,上帝之城,145,
,,2004/美国/悬疑惊悚恐怖,电锯惊魂,146,
,,1993/中国台湾美国/剧情喜剧爱情同性家庭,喜宴,147,
,,2012/美国/剧情动作西部冒险,被解救的姜戈,148,
,,1986/中国香港/剧情动作犯罪,英雄本色,149,
,,1979/中国大陆/冒险动画奇幻,哪吒闹海,150,
,,1954/日本/动作冒险剧情,七武士,151,
,,2007/美国德国/动作悬疑惊悚,谍影重重3,152,
,,2010/中国香港中国大陆/剧情家庭,岁月神偷,153,
,,2001/美国/剧情家庭,我是山姆,154,
,,2016/韩国/动作惊悚灾难,釜山行,155,
,,2018/美国/动作科幻冒险,头号玩家,156,
,,1991/中国香港/剧情喜剧动作犯罪,纵横四海,157,
,,2013/美国/喜剧动画冒险,疯狂原始人,158,
,,2017/美国英国/剧情犯罪,三块广告牌,159,
,,2004/英国美国/奇幻冒险,哈利·波特与阿兹卡班的囚徒,160,
,,2014/中国大陆/剧情犯罪悬疑,心迷宫,161,
,,2013/美国/剧情传记同性,达拉斯买家俱乐部,162,
,,1988/日本/动画剧情战争,萤火虫之墓,163,
,,2014/阿根廷西班牙/剧情喜剧犯罪,荒蛮故事,164,
,,2004/英国南非意大利/剧情历史战争,卢旺达饭店,165,
,,2003/英国美国法国/喜剧剧情爱情,真爱至上,166,
,,2008/英国法国美国印度/剧情爱情,贫民窟的百万富翁,167,
,,1994/中国香港中国台湾/剧情动作爱情武侠古装,东邪西毒,168,
,,2016/日本/剧情爱情动画,你的名字。,169,
,,2000/美国/犯罪剧情悬疑惊悚,记忆碎片,170,
,,2000/中国香港/剧情爱情,花样年华,171,
,,2014/美国/剧情音乐,爆裂鼓手,172,
,,2015/瑞典/剧情,一个叫欧维的男人决定去死,173,
,,2010/美国/剧情惊悚,黑天鹅,174,
,,1987/日本/剧情,忠犬八公物语,175,
,,2003/美国澳大利亚/动作科幻,黑客帝国3：矩阵革命,176,
,,2002/美国英国德国/奇幻冒险,哈利·波特与密室,177,
,,2014/英国美国/剧情传记战争同性,模仿游戏,178,
,,2015/美国/喜剧动画冒险,头脑特工队,179,
,,1997/日本/动画奇幻惊悚,未麻的部屋,180,
,,2010/日本/剧情动画儿童,你看起来好像很好吃,181,
,,2013/韩国/剧情犯罪,新世界,182,
,,1988/美国/剧情,雨人,183,
,,2012/美国/喜剧动画奇幻冒险,无敌破坏王,184,
,,2015/日本/剧情家庭,海街日记,185,
,,2002/美国/喜剧动画冒险,冰川时代,186,
,,2004/美国/剧情爱情,恋恋笔记本,187,
,,1960/美国/悬疑惊悚恐怖,惊魂记,188,
,,2016/美国/剧情家庭,海边的曼彻斯特,189,
,,2015/中国大陆/纪录片,二十二,190,
,,2015/爱尔兰加拿大英国美国/剧情家庭,房间,191,
,,2009/英国澳大利亚/剧情悬疑惊悚,恐怖游轮,192,
,,1966/法国英国/喜剧战争,虎口脱险,193,
,,1989/日本/动画奇幻冒险,魔女宅急便,194,
,,2017/美国中国香港/剧情儿童家庭,奇迹男孩,195,
,,2006/中国大陆中国香港/喜剧犯罪,疯狂的石头,196,
,,1952/美国/喜剧歌舞爱情,雨中曲,197,
,,2001/美国/剧情科幻,人工智能,198,
,,2018/日本/剧情犯罪家庭,小偷家族,199,
,,1999/美国/犯罪剧情奇幻悬疑,绿里奇迹,200,
,,2013/美国希腊/剧情爱情,爱在午夜降临前,201,
,,1950/日本/剧情犯罪悬疑,罗生门,202,
,,1991/美国法国/动作科幻,终结者2：审判日,203,
,,2010/泰国/剧情喜剧爱情,初恋这件小事,204,
,,2009/法国瑞士西班牙美国阿联酋/纪录片,海洋,205,
,,1940/美国/剧情爱情战争,魂断蓝桥,206,
,,2004/中国大陆中国香港/剧情犯罪,可可西里,207,
,,1968/英国美国/科幻惊悚冒险,2001太空漫游,208,
,,1994/美国/剧情爱情战争西部,燃情岁月,209,
,,2006/日本/剧情爱情科幻动画,穿越时空的少女,210,
,,1931/美国/喜剧剧情爱情,城市之光,211,
,,1991/中国台湾/剧情犯罪,牯岭街少年杀人事件,212,
,,1992/中国香港中国大陆/动作爱情武侠古装,新龙门客栈,213,
,,2009/德国美国/剧情犯罪,无耻混蛋,214,
,,2016/意大利/剧情喜剧,完美陌生人,215,
,,2011/美国加拿大/科幻悬疑惊悚,源代码,216,
,,2007/中国台湾中国大陆美国中国香港/剧情爱情情色,色，戒,217,
,,1993/中国香港中国大陆/剧情爱情奇幻古装,青蛇,218,
,,1990/中国香港/犯罪剧情爱情,阿飞正传,219,
,,2007/美国/冒险喜剧剧情,遗愿清单,220,
,,2006/德国法国西班牙美国/剧情犯罪奇幻,香水,221,
,,2004/美国德国/动作悬疑惊悚,谍影重重2,222,
,,2006/美国德国/剧情惊悚冒险,血钻,223,
,,2007/印度/剧情儿童家庭,地球上的星星,224,
,,2017/中国台湾/剧情喜剧,大佛普拉斯,225,
,,2005/美国法国/剧情犯罪,战争之王,226,
,,2002/美国德国捷克/动作悬疑惊悚,谍影重重,227,
,,2015/澳大利亚美国/动作科幻冒险,疯狂的麦克斯4：狂暴之路,228,
,,2008/日本/剧情家庭,步履不停,229,
,,2013/美国英国/科幻悬疑惊悚,彗星来的那一夜,230,
,,1996/英国/剧情犯罪,猜火车,231,
,,1994/中国香港/剧情喜剧古装,九品芝麻官,232,
,,2008/美国德国/剧情爱情,朗读者,233,
,,2008/德国/剧情惊悚,浪潮,234,
,,2005/英国美国/奇幻冒险,哈利·波特与火焰杯,235,
,,2015/印度/剧情喜剧动作,小萝莉的猴神大叔,236,
,,2013/美国/喜剧爱情音乐,再次出发之纽约遇见你,237,
,,1953/日本/剧情家庭,东京物语,238,
,,2015/美国/剧情传记,聚焦,239,
,,2016/中国大陆/剧情喜剧,驴得水,240,
,,1998/英国/犯罪悬疑惊悚,追随,241,
,,1997/美国/剧情科幻惊悚,千钧一发,242,
,,2018/英国美国/剧情传记同性音乐,波西米亚狂想曲,243,
,,2011/伊朗法国/剧情家庭,一次别离,244,
,,2011/韩国/剧情爱情,我爱你,245,
,,2001/美国/动作历史战争,黑鹰坠落,246,
,,2018/美国俄罗斯/剧情犯罪悬疑惊悚,网络谜踪,247,
,,2017/中国大陆/纪录片家庭,四个春天,248,
,,1971/英国美国/犯罪剧情科幻,发条橙,249,
,,2003/美国澳大利亚/动作科幻,黑客帝国2：重装上阵,250,
